"행정구역(시군구)별",2025,2024,2023,2022,2021,2020,2019,2018,2017,2016,2015,2014,2013,2012,2011,2010,2009,2008,2007,2006,2005,2004,2003,2002,2001,2000,1999,1998,1997,1996,1995,1994,1993,1992
"전국",24300087,24118928,23914851,23705814,23472895,23093108,22481466,22042947,21632851,21294009,21011152,20724094,20456588,20211770,20033142,19865179,19261292,19005339,18687694,18326619,17857511,17391932,16987634,16489107,16080992,15765275,15442263,15172849,14912542,14501400,14152894,13777102,13435710,13030487
"서울특별시",4501031,4482063,4469417,4446296,4426007,4417954,4327605,4263868,4220082,4189839,4189948,4194176,4182351,4177970,4192752,4224181,4116660,4097562,4046086,3978938,3871024,3780305,3714697,3623929,3570228,3540492,3490616,3458511,3462552,3421087,3417958,3429629,3408080,3359075
"종로구",72324,72166,72067,72524,73494,75003,73947,73735,73594,72118,72645,73101,73693,75659,76688,77621,74315,74660,71968,70925,69982,70408,70288,70113,70085,69935,69581,69668,71185,70236,70913,72696,74041,74421
"중구",63817,64995,64714,63139,63519,63686,62739,61502,60412,59651,59321,59960,60600,61546,61475,61468,58249,58174,57473,56642,55101,54419,54487,54521,55409,53964,47969,46072,47386,48170,51201,53797,56526,58689
"용산구",102959,103241,107825,109805,111036,113093,110126,108974,107666,106607,107512,108429,109361,110706,112617,113204,107456,106966,104720,101479,97324,94788,93262,91735,92239,90547,88684,88418,87788,89109,89973,91198,91599,92524
"성동구",133173,131953,133089,133305,134233,135870,135838,137209,132902,128727,126714,125814,126447,125848,126148,129644,126670,128658,135655,133864,131725,128964,126592,123394,121565,119842,117701,110157,110792,110301,112828,243635,243937,243309
"광진구",171133,169931,170077,169291,167949,167427,164428,162606,160798,158390,158353,158524,159173,158534,158472,159675,156140,155676,154017,150736,147077,145430,144687,141367,139190,137934,136023,136557,136070,131326,128738,-,-,-
"동대문구",176684,172840,172801,169873,168219,167598,164191,161820,159938,159426,159941,159880,159256,157650,157823,158485,153437,156267,156777,155667,152613,148168,146457,143014,138849,136644,130678,132854,135516,135903,140584,145427,147763,148721
"중랑구",189383,188651,188097,187413,185712,185920,181579,180511,179132,177400,176390,176714,174938,174313,175115,176096,171448,171183,167665,163509,159674,158283,156511,154085,152708,153386,152485,152846,154238,151931,142557,141593,139897,136671
"성북구",198800,196485,196800,197082,195017,195396,192592,186601,187112,188304,190973,193359,196693,197992,199398,201489,192990,190713,187024,185805,177456,169704,167475,159810,158642,159916,162442,162931,161266,160915,162106,161723,162426,163245
"강북구",142256,143063,143560,144313,144536,145896,144277,143395,142533,141229,141088,141246,141246,142150,142527,142711,136779,136300,135415,134490,132471,131995,129543,126252,119814,117886,116512,117701,119323,120724,124206,-,-,-
"도봉구",139018,138759,138261,138356,138656,139114,138508,138087,137378,136898,136903,136977,137714,138036,139348,140603,139010,139733,138156,136003,134308,131129,127264,122201,119856,118807,119418,119744,122315,119316,116620,239909,237383,229099
"노원구",216559,217743,217904,217540,217378,218270,216966,217655,217619,219736,219768,221107,222132,222959,225104,228022,225000,225065,222109,218799,215166,212531,211144,209521,207842,201204,195469,186639,182785,181152,185238,181446,179571,173352
"은평구",214276,215305,215721,213876,214711,213914,207681,205001,202839,201891,203410,202187,202487,200502,197582,196390,185701,182762,181551,180503,178816,177305,172761,164981,160274,158856,158681,159865,162970,161755,160946,160750,157401,152983
"서대문구",146113,146221,146845,145797,143647,144838,140157,138549,137266,136766,135770,134780,135272,135104,134730,138473,137062,138295,144016,141869,138320,136146,134956,134023,132044,131473,129403,126787,123367,122747,122360,121186,121181,121023
"마포구",180260,181135,181090,180084,179861,178482,175023,172505,169408,169432,171480,169492,166780,166722,168640,170531,165750,165978,167901,165036,159894,153994,149272,142790,140799,141862,140081,137955,138896,136114,135529,137420,137553,137918
"양천구",179514,180209,180695,181187,181404,180633,177256,176498,176649,177434,179512,179069,180443,181135,182677,183718,182363,183002,181977,178984,174368,169326,163755,158639,156180,155521,152133,152339,152416,150622,149869,150170,150267,150067
"강서구",273604,273911,274084,273697,271175,266982,262708,258503,254257,245045,238952,234378,226607,223708,223490,225313,221975,223026,213893,208347,202052,193973,189521,181422,175849,173789,171724,168867,168210,166709,164192,156903,144268,131743
"구로구",184270,183891,184096,183655,180929,180531,176568,172457,171570,172220,172321,172594,171419,171498,171064,170317,167404,165750,163310,159991,154397,150568,146240,142342,140533,135896,132543,127187,125327,123491,123827,223672,228855,229122
"금천구",121572,121075,120381,119583,117595,114715,110622,107971,106066,104483,103847,103940,104179,104357,103600,103412,100285,100138,99299,99193,98179,96632,95608,93056,91035,91827,91493,91842,91484,90266,92827,-,-,-
"영등포구",192407,192199,190737,188832,187020,184714,174806,171085,167355,165729,167863,168100,167761,167685,168850,171791,168099,168187,166087,164263,159762,154167,149948,147838,145093,143085,141023,139414,139559,137511,139479,141843,142411,141280
"동작구",186834,186950,186675,185773,184812,184229,180753,177176,172995,172506,170495,172389,172700,169293,167099,167887,163344,163742,163600,161958,158192,154625,151694,144854,143095,144888,143849,145440,147178,145018,144706,143611,140930,134164
"관악구",288778,285963,284578,283623,276597,274811,268559,262222,255352,251955,249191,248180,248006,247598,246979,247588,241873,241511,236544,230093,220879,214261,206087,197578,192531,186734,181196,181105,182031,181177,183335,186110,185799,180902
"서초구",173506,170681,169884,167749,170244,173502,173199,172918,173594,173970,173007,173469,170594,168878,168988,170882,166405,159907,158880,158618,152245,148608,144165,138627,138387,137997,138329,137470,137101,134492,130927,129406,125444,124681
"강남구",245264,245094,239775,232777,234233,234872,232981,228775,231612,234080,237373,237375,230645,230755,231983,234345,229431,227533,226149,222642,211338,201571,196628,193857,192505,193101,192164,188690,186175,180730,176199,175174,168410,163176
"송파구",285903,287017,285927,284853,282417,281959,278711,270866,264628,258382,256611,257207,257441,257852,261963,264364,260681,256104,237517,228770,222169,216434,219648,223754,222337,222053,221483,220138,220438,214189,210707,211431,209612,207452
"강동구",222624,212585,203734,202169,201613,196499,183390,177247,177407,177460,180508,185905,186764,187490,190392,190152,184793,178232,174383,170752,167516,166876,166704,164155,163367,163345,159552,157825,158736,157183,158091,160529,162806,164533
"부산광역시",1573996,1570403,1564588,1555867,1544663,1530431,1497908,1480468,1467555,1451270,1437818,1421648,1404663,1389526,1381257,1371346,1323771,1311724,1300692,1288671,1270612,1251069,1236262,1219902,1210902,1199804,1187703,1173328,1157537,1140293,1125926,1095818,1087559,1076894
"중구",23261,23529,23747,23960,23925,23847,23160,22975,23284,23282,23295,23493,23374,23309,23284,23266,22064,21920,21595,21487,21488,21462,21578,21468,21338,21268,21174,21050,20839,20934,21321,22513,22155,22982
"서구",53445,53648,53630,53626,52960,53853,52786,52819,51953,52497,53199,53417,53031,53138,53585,53783,51490,51755,52275,52537,52447,52159,51748,51670,51837,51754,51599,52044,52230,52611,53259,54380,55102,56062
"동구",46249,47048,47428,46349,46362,46003,44657,43261,43413,43036,43430,43728,43528,43859,44192,44018,42297,42197,42202,42063,42136,42451,42680,42705,42949,42845,43048,43486,43892,44593,46167,47280,48331,49751
"영도구",53292,53659,54293,54342,54659,54903,54859,55312,55713,55893,56446,56580,57277,57900,58584,59147,57651,57948,57914,57971,57934,57507,57728,57604,58136,58496,58416,58743,58870,59267,59439,58381,56450,54744
"부산진구",188730,184179,181914,178049,173353,173263,166865,165253,166491,165238,165199,165056,162795,160699,159915,158253,153413,152942,151256,149836,147811,142108,140762,140338,139247,137847,136360,134523,133382,132055,134720,136373,137650,139627
"동래구",122770,122121,119706,119503,115718,114987,112136,108757,108609,107917,106766,107023,105836,105187,106244,104637,101419,100394,99954,96972,93833,92738,91847,92781,92895,93082,92368,90805,89963,89834,89809,162234,163546,163447
"남구",118826,119763,118427,117601,117821,117876,117397,117558,113898,113791,114120,114412,114945,113397,113583,113426,110473,109472,107476,106311,105365,103514,102615,99395,96535,93721,91719,91964,91038,91130,91007,148871,149312,150570
"북구",121936,122360,123082,123569,123316,120668,120273,120036,120249,120707,118865,115869,115308,115306,112592,112634,110502,110550,111384,111418,110915,108149,104499,100903,96453,93697,92315,87896,86460,84538,80588,162424,155724,146725
"해운대구",169635,169821,169532,170435,172397,171376,168650,166748,165002,165290,164386,162347,161081,160053,158114,157282,153019,150668,148828,144845,137424,134527,132169,129003,128833,127283,125272,122317,113353,101582,88075,83841,81121,77790
"사하구",139728,140631,140764,140778,139604,138854,138790,138503,137679,135641,134692,134877,134841,134327,133869,133694,130410,130112,128199,126908,126389,124345,122527,120411,120182,120209,119304,118441,116376,115039,111351,108025,106037,101913
"금정구",104548,104817,105906,106950,108070,107561,107024,106415,104827,102522,101130,100616,100423,99610,98005,96916,93103,93127,92494,93044,91781,91972,91708,90692,91308,91782,91417,90965,90305,89105,89997,89184,89450,90129
"강서구",65299,62433,62238,62426,61502,58141,53731,50488,47850,44112,38727,33165,29491,27838,27325,26296,25009,22132,21605,21729,21311,20882,20878,20741,20778,21013,21226,21917,21959,22003,22261,22312,22681,23154
"연제구",100217,99568,95873,93557,93606,92583,90266,87833,85892,84398,84543,83188,82467,82161,82005,80824,77490,77326,76197,75681,75279,74973,74934,73887,72134,70315,70337,69135,69725,70453,71805,-,-,-
"수영구",87607,88068,88299,87361,85896,84311,81452,79842,79788,77733,76325,74356,71790,71183,70314,69633,66948,65932,65458,64232,62897,62062,59643,58558,58554,58605,58230,58305,58477,58136,58664,-,-,-
"사상구",98610,99563,100003,98625,98621,97556,96726,96698,97169,96403,96671,96915,96636,96373,96840,96873,93149,93480,93477,93812,93876,93345,93612,93578,93979,93213,90653,87751,87081,85952,85241,-,-,-
"기장군",79843,79195,79746,78736,76853,74649,69136,67970,65738,62810,60024,56606,51840,45186,42806,40664,35334,31769,30378,29825,29726,28875,27334,26168,25744,24674,24265,23986,23587,23061,22222,-,-,-
"대구광역시",1112508,1104130,1094148,1070873,1063893,1056627,1031251,1021266,1006753,994220,982360,970618,960265,948652,940770,934598,906470,894969,883920,875173,865766,853142,845242,827177,815709,805779,789891,779433,769904,758850,751475,699609,681531,662577
"중구",50357,48786,44871,40749,38370,39111,38418,38619,37856,37987,38294,37220,35780,35175,35371,35539,34106,34130,33954,33445,33524,32513,33369,33448,33444,33553,34217,34865,35759,36549,38242,39883,41463,41365
"동구",165581,164806,162691,159422,158423,155865,152545,152370,148719,147154,144403,141918,138851,136479,135187,132857,127721,125324,124923,123614,123369,120937,117717,112567,112099,111127,110384,109528,108188,108123,108373,108680,107484,106493
"서구",85176,84268,83949,81116,82301,83437,82733,85142,86738,88468,89896,90413,90793,91162,91355,91134,88112,87470,89005,89795,90557,91058,91843,92594,93386,93631,94166,95892,99155,101942,103684,105795,107200,109198
"남구",75515,75203,75887,76401,76256,76582,74588,74134,73442,73979,74949,75028,75038,75085,74508,74527,72426,72425,72077,71127,69221,68189,68478,67726,67438,67264,67840,67546,68748,70613,72901,73979,74386,75015
"북구",192994,191797,191349,192697,190956,187494,180115,177162,174617,171181,169568,167760,165041,164222,163032,162429,159488,160139,158730,159651,156299,152123,146477,139927,130373,127476,124539,119897,118857,117632,113428,105915,101270,93998
"수성구",176766,174674,171939,171480,171239,170870,167040,165843,164900,165392,165786,165197,164518,162023,161277,160501,155905,153291,151031,147699,144890,143965,143946,141698,144550,144328,142625,142066,142619,140564,135508,129263,123324,118988
"달서구",238647,237415,235685,235883,234950,235303,231978,227966,224583,225643,225889,224083,222326,217731,215189,213725,206757,202699,198529,195286,194385,192586,191545,188731,184343,179046,170668,165425,152889,143497,141510,136094,126404,117520
"달성군",113978,113777,114189,113125,111398,107965,103834,100030,95898,84416,73575,68999,67918,66775,64851,63886,61955,59491,55671,54556,53521,51771,51867,50486,50076,49354,45452,44214,43689,39930,37829,-,-,-
"군위군",13494,13404,13588,-,-,-,-,-,-,-,-,-,-,-,-,-,-,-,-,-,-,-,-,-,-,-,-,-,-,-,-,-,-,-
"인천광역시",1400788,1373827,1350912,1322632,1298647,1267956,1238641,1213201,1188917,1171399,1154004,1136280,1118988,1097491,1077563,1059664,1026936,1014755,995712,965302,933686,908673,891606,872057,845739,829164,809671,794534,774322,745109,724905,669096,644004,615125
"중구",88888,83800,79520,75960,71061,68379,65002,57887,54525,52218,51240,49874,47949,44368,42288,42065,39991,38994,39082,39329,38707,36821,33920,30002,27593,26403,26144,26021,25660,24475,24394,24257,24688,25074
"중구영종출장소",0,0,0,0,-,0,-,-,-,-,-,-,-,-,-,-,-,-,-,-,-,-,-,-,-,-,-,-,-,-,-,-,-,-
"중구용유출장소",0,0,0,0,-,0,-,-,-,-,-,-,-,-,-,-,-,-,-,-,-,-,-,-,-,-,-,-,-,-,-,-,-,-
"동구",27216,27792,28091,27618,28681,28777,28739,28952,29870,30081,30371,30776,30966,31423,32208,32474,30943,29968,29286,29280,29474,30034,29528,26739,26523,26253,26982,27342,29744,30575,31482,31939,33252,33898
"남구",-,-,-,-,-,-,-,-,182292,178444,171888,171507,171342,171293,171868,173785,169510,168330,163179,161439,158876,159882,157384,152081,144020,139631,137125,135263,134951,132979,131415,182336,164876,147836
"미추홀구",205242,201075,196607,194841,193561,188277,184872,184275,-,-,-,-,-,-,-,-,-,-,-,-,-,-,-,-,-,-,-,-,-,-,-,-,-,-
"연수구",168688,163940,159905,156047,155984,152266,140700,129806,123913,120580,115920,112015,107906,104748,102953,100065,96504,95062,94432,93776,89463,84610,83788,83213,83016,82976,82077,81149,78296,72903,64800,-,-,-
"남동구",225320,224816,224268,226763,228442,225394,221455,218945,214280,209885,208231,199768,194917,192030,188124,179592,173529,168414,157972,143117,135174,134286,135330,136423,134790,132897,128292,126555,124207,121233,119084,116961,112775,109426
"북구",-,-,-,-,-,-,-,-,-,-,-,-,-,-,-,-,-,-,-,-,-,-,-,-,-,-,-,-,-,-,-,231324,228146,220761
"부평구",226292,224988,223271,217924,213372,211305,211851,212906,215192,216492,217217,216336,214173,213125,212946,214701,210135,210888,208567,205623,200093,193059,190442,187280,180135,176797,169841,166302,159797,159030,154957,-,-,-
"계양구",128575,127670,125640,127201,127984,124421,123283,124281,125936,126963,127063,128138,128889,127706,127929,128996,125826,124606,124259,122313,117132,115112,114119,111745,108537,106610,104611,102034,96873,82709,80547,-,-,-
"서구",282102,271798,266168,248741,232834,223229,217887,211847,199152,194008,190119,186599,182028,172946,160340,149708,143236,142084,143776,136814,132688,124078,117215,115348,112160,109031,106295,101678,96795,93601,91035,82279,80267,78130
"서구검단출장소",0,0,0,0,-,0,-,-,-,-,-,-,-,-,-,-,-,-,-,-,-,-,-,-,-,-,-,-,-,-,-,-,-,-
"강화군",36130,35588,35005,35114,34667,33915,33163,32556,31869,31106,30703,30184,29713,29308,29071,29055,28506,28210,27252,26170,25278,24522,23956,23459,23297,22974,22821,22758,22780,22491,22152,-,-,-
"옹진군",12335,12360,12437,12423,12061,11993,11689,11746,11888,11622,11252,11083,11105,10544,9836,9223,8756,8199,7907,7441,6801,6269,5924,5767,5668,5592,5483,5432,5219,5113,5039,-,-,-
"광주광역시",658450,658075,655433,652355,645712,633582,616485,603107,592818,586464,580427,573043,563599,555538,549105,540875,524093,513021,503844,495065,481935,469847,460647,449469,439620,430376,420898,411965,399011,386216,378788,370388,359457,346102
"동구",55152,55362,55283,54072,52362,51029,47885,45452,45341,45095,45860,46153,46428,47283,47472,46449,46854,47112,48606,47393,46386,45705,44081,42427,41911,42237,42740,43782,44370,46224,46804,47891,49550,49808
"서구",132651,132715,133816,133554,132808,131373,128783,126751,124663,123500,120107,119658,119155,117665,116992,111381,108212,107698,106561,105446,103653,102125,99805,96965,92760,88256,81732,75273,72291,66714,67578,131836,132194,129407
"남구",96284,95426,95417,95868,95722,93295,92233,89574,88605,87879,87473,85996,83402,83255,82854,81316,78872,77480,74990,74859,74115,71808,71203,70960,71464,71889,72451,73715,73313,73853,74646,-,-,-
"북구",201323,202638,199280,198085,195695,191997,187015,184617,180682,178956,178735,176440,173165,170004,168485,174151,171900,171341,166876,162988,156593,153971,153072,151881,150761,149483,147852,145684,139277,136331,135877,130508,121677,115165
"광산구",173040,171934,171637,170776,169125,165888,160569,156713,153527,151034,148252,144796,141449,137331,133302,127578,118255,109390,106811,104379,101188,96238,92486,87236,82724,78511,76123,73511,69760,63094,53883,60153,56036,51722
"대전광역시",697348,687757,680261,673429,664417,652783,635343,624965,614639,606137,597008,592508,584877,575600,566324,555768,538100,531682,525880,518039,505650,492068,479916,463270,450489,439312,427152,417523,407987,391525,376879,363791,347223,326044
"동구",112685,110878,108996,108640,107832,105729,104064,102632,100677,100398,100635,101512,102263,101687,100745,98977,95415,94402,92949,89385,87089,86315,85466,83132,83508,84380,83631,83955,83278,82419,81368,83568,86454,88959
"중구",109777,108358,106885,107692,107609,107626,106379,105270,104509,103681,103285,103669,103705,102201,101819,100983,98373,97719,97389,95790,95008,92459,91695,88287,87719,86291,82709,82232,82451,80861,80727,82223,82541,84951
"서구",222186,217245,217305,216539,213592,209931,203754,199689,196016,192834,189068,187921,186185,183229,181948,179550,176293,174265,173262,172661,170967,168049,162624,157520,151368,146097,142287,138738,131385,122325,117108,106199,92790,75815
"유성구",171731,170225,166767,160305,155450,151292,145305,141533,137514,132464,126969,121857,115304,111553,106053,100821,93906,91153,88324,86092,78220,70752,65934,61488,55412,50576,48753,47724,46121,43200,37264,32503,27061,21068
"대덕구",80969,81051,80308,80253,79934,78205,75841,75841,75923,76760,77051,77549,77420,76930,75759,75437,74113,74143,73956,74111,74366,74493,74197,72843,72482,71968,69772,64874,64752,62720,60412,59298,58377,55251
"울산광역시",499304,495378,490690,486143,482650,476893,468659,461756,458547,455352,451688,442250,431595,422177,412561,405501,394364,389735,380865,373114,365197,356143,348058,338845,331502,322838,315410,311199,307000,-,-,-,-,-
"중구",94827,94851,94372,93055,93633,93212,93062,94102,95386,95673,95710,92545,89595,87944,86822,86214,83672,83837,83638,82140,81017,79104,77549,76287,74577,73391,71924,71985,72647,-,-,-,-,-
"남구",142905,141400,140162,139525,138512,137925,135311,134986,134372,134140,133669,132974,130945,128366,125766,124993,122451,121258,119429,118686,116954,114699,113311,111043,108144,103884,100111,98672,97398,-,-,-,-,-
"동구",68311,68113,67743,66282,66201,65815,65183,65791,66888,68548,68359,67951,67059,64656,61946,60471,60337,60581,61180,61287,59295,58354,57624,56598,55709,55437,55309,55391,58234,-,-,-,-,-
"북구",90118,89079,87865,87153,85815,83781,81144,75403,72416,69693,67469,65589,63554,62175,60882,58673,56158,54269,50573,47875,46673,43759,40607,37854,37005,36271,35759,35513,31925,-,-,-,-,-
"울주군",103143,101935,100548,100128,98489,96160,93959,91474,89485,87298,86481,83191,80442,79036,77145,75150,71746,69790,66045,63126,61258,60227,58967,57063,56067,53855,52307,49638,46796,-,-,-,-,-
"세종특별자치시",165220,163432,160835,159386,153649,144275,135408,123762,109490,94343,81806,62807,50045,46592,-,-,-,-,-,-,-,-,-,-,-,-,-,-,-,-,-,-,-,-
"세종시",165220,163432,160835,159386,153649,144275,135408,123762,109490,94343,81806,62807,50045,46592,-,-,-,-,-,-,-,-,-,-,-,-,-,-,-,-,-,-,-,-
"경기도",6121301,6058202,5978724,5913694,5841995,5676401,5468920,5306214,5131379,5003406,4885012,4786718,4712324,4639665,4579405,4527282,4359467,4284475,4183926,4068786,3910886,3748325,3592144,3394937,3191089,3052102,2944148,2844110,2779473,2635626,2490250,2344890,2188473,2042100
"수원시",541583,540719,537078,528482,517822,506950,498836,492939,483558,472194,463154,454072,439996,427790,416036,412253,406565,402462,399898,395615,377823,365667,359103,345411,322621,310856,297479,279121,261080,249055,239695,231475,223986,216528
"장안구",122406,122694,119900,118811,118432,115738,115180,116250,116486,115507,115182,114386,113369,109983,109762,111056,108897,105052,104960,104648,100085,98581,98278,115942,106080,101182,96814,87157,85686,80829,80219,78876,77444,-
"권선구",165474,164675,163796,161085,157041,154921,152733,152432,145514,140772,136299,131321,127545,126934,122511,116450,113803,114960,114269,110286,103920,98024,95852,109720,106730,103104,98573,94931,93379,89802,82577,80276,74680,-
"팔달구",97494,97877,98505,95950,91278,86362,84282,84558,87895,88317,87266,87728,87289,87214,88044,91067,90981,88646,89668,89194,86829,85212,81615,119749,109811,106570,102092,97033,82015,78424,76899,72323,71862,-
"영통구",156209,155473,154877,152636,151071,149929,146641,139699,133663,127598,124407,120637,111793,103659,95719,93680,92884,93804,91001,91487,86989,83850,83358,-,-,-,-,-,-,-,-,-,-,-
"성남시",409252,410242,409602,408195,409320,407912,400460,398412,396403,394087,390968,388340,387053,384316,384230,385050,375386,367675,370531,374006,374223,364388,348934,329107,316818,308168,304614,301007,301984,292671,278963,247404,222137,194006
"수정구",116200,116838,116390,113458,114620,115709,110333,108396,107823,104855,99425,100362,101505,102949,103707,105253,103663,105403,107493,107659,106553,104592,101133,96698,92331,89956,88906,87872,88652,86289,84873,84443,85037,-
"중원구",99667,100556,101034,100139,100328,101151,99940,99495,99438,101345,105314,104931,105339,103869,103566,104438,103371,105101,103998,104200,104062,103035,101860,98040,95382,93449,91775,91605,92987,91553,90001,88747,86035,-
"분당구",193385,192848,192178,194598,194372,191052,190187,190521,189142,187887,186229,183047,180209,177498,176957,175359,168352,157171,159040,162147,163608,156761,145941,134369,129105,124763,123933,121530,120345,114829,104089,74214,51065,-
"의정부시",212285,210264,209891,208352,205792,201630,190760,185319,179505,175948,172392,169671,167990,166349,166397,166333,162344,161573,156057,149577,144001,139638,137206,128286,120760,117697,111686,106280,99012,92852,89959,85694,80154,74433
"안양시",239981,235171,227627,227475,224620,220552,222589,222361,223172,225163,223779,223249,224441,224395,226420,229848,226022,226600,226595,225077,220167,214414,205981,198632,195066,190689,191239,192268,193949,192989,189240,187647,183640,167337
"만안구",105522,102955,101831,102550,103012,101305,100974,102157,101859,100104,97701,97200,97830,98459,102113,103642,100908,100675,100970,100615,98289,95531,94202,92581,88979,86408,84754,84795,85890,86343,85461,85432,87277,-
"동안구",134459,132216,125796,124925,121608,119247,121615,120204,121313,125059,126078,126049,126611,125936,124307,126206,125114,125925,125625,124462,121878,118883,111779,106051,106087,104281,106485,107473,108059,106646,103779,102215,96363,-
"부천시",342377,343433,344096,344135,347024,344495,340160,338759,335384,331797,327617,327462,328230,328511,328229,328766,322246,320321,316479,310807,302996,297934,290377,275000,259495,255598,253661,252989,255005,253082,247469,237661,226011,213799
"원미구",174552,174645,-,-,-,-,-,-,-,-,-,-,-,-,-,-,-,-,-,-,-,-,-,-,-,-,-,-,-,-,-,-,-,-
"소사구",98761,99148,-,-,-,-,-,-,-,-,-,-,-,-,-,-,-,-,-,-,-,-,-,-,-,-,-,-,-,-,-,-,-,-
"오정구",-,-,-,-,-,-,-,-,-,-,169862,168613,168075,167966,167061,167791,165203,162793,161983,159700,156297,154164,150524,141376,128449,127465,126351,125838,126685,125256,122142,113097,100774,-
"오정구",69064,69640,-,-,-,-,-,-,-,-,-,-,-,-,-,-,-,-,-,-,-,-,-,-,-,-,-,-,-,-,-,-,-,-
"소사구",-,-,-,-,-,-,-,-,-,-,86289,87108,87818,87771,87891,86967,85184,85103,83084,82004,79277,77222,73569,68558,67266,65711,66116,66669,68024,68018,66759,66027,67356,-
"오정구",-,-,-,-,-,-,-,-,-,-,71466,71741,72337,72774,73277,74008,71859,72425,71412,69103,67422,66548,66284,65066,63780,62422,61194,60482,60296,59808,58568,58537,57881,-
"광명시",123100,115024,115114,118493,119817,120560,126001,128126,127168,127461,128208,129039,130401,131172,131770,128649,116989,115295,115216,114670,118614,118163,118474,116021,110685,109927,110295,111668,111324,112292,111629,111262,109777,108718
"평택시",292664,285297,279835,271362,262097,243838,226020,214409,204252,195970,189122,181801,177174,172891,169071,165745,158628,157018,153560,148995,141108,133244,128349,122294,120076,118218,115822,113296,112767,107478,101501,30001,28002,26991
"송탄출장소",0,0,0,0,-,0,-,-,-,-,-,-,-,-,-,-,-,-,-,-,-,-,-,-,-,-,-,-,-,-,-,-,-,-
"안중출장소",0,0,0,0,-,0,-,-,-,-,-,-,-,-,-,-,-,-,-,-,-,-,-,-,-,-,-,-,-,-,-,-,-,-
"송탄시",-,-,-,-,-,-,-,-,-,-,-,-,-,-,-,-,-,-,-,-,-,-,-,-,-,-,-,-,-,-,-,32909,30781,28624
"동두천시",43565,43096,43366,43973,44369,43874,42999,42919,42420,42455,42094,41603,41327,40886,40202,39915,37832,36727,34671,32919,31261,29520,27495,26172,25884,25599,25014,24209,24046,23362,22851,22277,21758,20788
"안산시",287919,288070,288567,291091,292113,286061,277331,276662,278240,280524,281865,283527,283650,282006,281655,280919,273075,273025,269534,264603,253174,244608,236313,223529,205712,195972,188274,187296,187005,179797,170932,154932,136342,121309
"상록구",151687,151730,153212,156033,156527,153103,147231,149499,152176,152682,152730,152242,151579,150088,149472,148428,143973,144123,141644,138956,132156,127874,124899,118997,-,-,-,-,-,-,-,-,-,-
"단원구",136232,136340,135355,135058,135586,132958,130100,127163,126064,127842,129135,131285,132071,131918,132183,132491,129102,128902,127890,125647,121018,116734,111414,104532,-,-,-,-,-,-,-,-,-,-
"고양시",466150,466229,464380,461459,456852,448574,434028,417607,408816,401772,393093,382046,374396,365492,362719,360212,353270,353322,346029,337745,328375,315193,302237,284357,269400,261972,253831,246802,238424,215349,185184,139642,103279,86588
"덕양구",219055,221023,220682,216683,210486,203939,195766,185883,181875,178039,174272,166253,159948,154549,153342,154770,151548,150948,146689,146896,146979,142726,138651,133128,127425,124966,122683,121352,117358,103736,-,-,-,-
"일산구",-,-,-,-,-,-,-,-,-,-,-,-,-,-,-,-,-,-,-,-,-,172467,163586,151229,141975,137006,131148,125450,121066,111613,-,-,-,-
"일산동구",132750,130000,127885,128567,128436,126569,122981,120658,117436,115258,111620,110182,109634,108231,106924,104091,100678,100066,97464,90376,83335,-,-,-,-,-,-,-,-,-,-,-,-,-
"일산서구",114345,115206,115813,116209,117930,118066,115281,111066,109505,108475,107201,105611,104814,102712,102453,101351,101044,102308,101876,100473,98061,-,-,-,-,-,-,-,-,-,-,-,-,-
"과천시",28738,30874,29194,28726,27262,23373,21467,21205,20903,23454,25030,25251,25233,25413,25832,26194,26203,25296,22669,21993,21681,24528,25008,24537,24398,24467,24598,24677,24802,24522,24205,24112,24124,24124
"구리시",81784,81288,80450,80424,80616,81520,79870,79735,77306,74499,71602,71639,72581,73415,74473,75163,73642,73443,72940,71001,69180,68001,66653,65202,61002,55933,54993,54676,55686,51696,47534,45162,41312,40308
"미금시",-,-,-,-,-,-,-,-,-,-,-,-,-,-,-,-,-,-,-,-,-,-,-,-,-,-,-,-,-,-,-,23459,23431,23103
"남양주시",308737,307424,304768,304288,299156,285334,276656,264488,255594,251335,246353,238111,230273,223097,216005,211344,195218,187465,180946,171048,161475,147141,138998,131177,122822,117168,109802,100709,91889,82589,76187,-,-,-
"풍양출장소",0,0,0,0,-,0,-,-,-,-,-,-,-,-,-,-,-,-,-,-,-,-,-,-,-,-,-,-,-,-,-,-,-,-
"오산시",115234,111036,104437,103552,102161,99436,95209,89860,85445,82581,81033,81146,79951,77951,74807,70714,62410,58408,55488,50873,47265,42817,40869,38886,37963,35074,27712,24680,24051,22741,21422,19224,18835,18100
"시흥시",229801,229340,228474,223534,220421,211150,194750,181061,167802,159978,157755,156293,156764,157203,157772,158958,154703,151396,148832,147279,143602,138009,131499,122082,112000,103224,94179,81091,70709,56017,44831,43534,42222,40911
"군포시",111657,112293,113032,113878,113205,112476,110005,107548,106645,106646,106771,106280,104735,104809,105160,105727,100740,101330,99931,99017,98061,95845,93689,89706,87485,86970,86906,86618,83903,80642,77449,69758,55177,40771
"의왕시",66007,62798,64402,64839,65734,64690,62387,58946,59201,58808,58505,58413,58475,56482,54693,54050,51636,49591,49767,50502,52381,51099,49553,43612,39563,38710,37533,37074,37142,35917,35375,34190,30965,31358
"하남시",140900,141377,141764,140415,138764,128774,115792,105832,93741,84289,66797,59551,57532,57641,58554,59657,58078,55440,52943,52006,50859,48817,47551,45521,42360,41823,41584,41373,42255,40232,38229,34322,30324,29503
"용인시",448730,443702,435340,432151,429492,420519,406880,390137,371685,363559,354267,348064,340748,331035,324587,319465,307258,302454,297692,283819,249939,226043,199847,178287,150505,130599,119996,105184,101078,91062,-,-,-,-
"처인구",129138,125043,117863,115654,115048,111684,107544,103300,94596,91450,87905,86211,83494,81936,81144,81046,78782,78966,78127,75614,72470,-,-,-,-,-,-,-,-,-,-,-,-,-
"기흥구",177169,176278,174971,174294,173844,169979,164904,158468,152765,150943,147312,144565,141613,135770,133762,130466,124976,117914,113480,106229,82432,-,-,-,-,-,-,-,-,-,-,-,-,-
"수지구",142423,142381,142506,142203,140600,138856,134432,128369,124324,121166,119050,117288,115641,113329,109681,107953,103500,105574,106085,101976,95037,-,-,-,-,-,-,-,-,-,-,-,-,-
"파주시",233305,226094,220158,218264,211916,200270,191668,188407,180250,175089,171753,166901,163648,160813,155446,145561,130118,124351,120152,115130,100278,90465,85658,82207,76063,64330,60411,59129,58397,54918,-,-,-,-
"이천시",106808,105615,103793,102618,101417,96799,92643,89596,87116,84339,81228,80433,79956,79312,78979,78221,75278,74534,73344,71776,69206,66481,65661,63307,62016,60341,59016,57055,55194,50406,-,-,-,-
"안성시",97042,94809,91026,89951,89118,85839,81599,79805,77456,76291,74265,74259,73938,73041,72728,71739,68097,67114,64073,61023,58586,56164,53556,50826,47590,44959,42514,41084,-,-,-,-,-,-
"김포시",207222,206388,204594,202189,200846,193234,174613,166635,152052,139498,133231,129379,119228,110104,99125,91581,85694,82978,77197,76657,74942,73758,71036,64816,59508,53749,48905,42517,-,-,-,-,-,-
"화성시",428268,417136,404623,387820,372888,351924,327797,301025,269782,245921,226316,204362,198368,196078,193152,189660,184790,169427,141619,118652,111517,101075,86289,78943,72098,-,-,-,-,-,-,-,-,-
"화성시동부출장소",0,0,0,0,-,0,-,-,-,-,-,-,-,-,-,-,-,-,-,-,-,-,-,-,-,-,-,-,-,-,-,-,-,-
"화성시동탄출장소",0,0,0,0,-,0,-,-,-,-,-,-,-,-,-,-,-,-,-,-,-,-,-,-,-,-,-,-,-,-,-,-,-,-
"광주시",175865,174806,170845,170497,167673,164320,156884,150055,140112,131303,124114,117808,112358,107406,102687,96584,91154,89308,86616,83112,79288,74568,67854,60469,51757,-,-,-,-,-,-,-,-,-
"양주시",132518,128336,117518,106361,102314,97998,93026,89088,85089,80790,80109,78499,77283,77539,77578,75924,69725,68979,68423,63652,58570,54430,51607,-,-,-,-,-,-,-,-,-,-,-
"포천시",73702,73071,72876,73438,73584,71315,69976,69429,68779,68354,67913,67275,66830,66627,66527,66934,65488,65084,62880,61555,59793,56432,55130,-,-,-,-,-,-,-,-,-,-,-
"여주시",56850,56400,55514,53946,52731,51748,50334,49542,48892,47889,47117,46302,45431,-,-,-,-,-,-,-,-,-,-,-,-,-,-,-,-,-,-,-,-,-
"양주군",-,-,-,-,-,-,-,-,-,-,-,-,-,-,-,-,-,-,-,-,-,-,-,48284,44839,38467,35179,32678,32355,30480,29128,27815,27363,26286
"남양주군",-,-,-,-,-,-,-,-,-,-,-,-,-,-,-,-,-,-,-,-,-,-,-,-,-,-,-,-,-,-,-,48977,46011,43251
"여주군",-,-,-,-,-,-,-,-,-,-,-,-,-,45104,44575,44283,43054,41957,40922,39344,38060,37283,36587,35807,35095,34024,32559,32113,31477,30275,28637,27597,27095,26269
"평택군",-,-,-,-,-,-,-,-,-,-,-,-,-,-,-,-,-,-,-,-,-,-,-,-,-,-,-,-,-,-,-,34393,33541,32563
"화성군",-,-,-,-,-,-,-,-,-,-,-,-,-,-,-,-,-,-,-,-,-,-,-,-,-,64905,60974,59078,57796,53568,50989,49668,54355,52844
"파주군",-,-,-,-,-,-,-,-,-,-,-,-,-,-,-,-,-,-,-,-,-,-,-,-,-,-,-,-,-,-,53102,51714,50299,48692
"광주군",-,-,-,-,-,-,-,-,-,-,-,-,-,-,-,-,-,-,-,-,-,-,-,-,-,46859,41958,38582,36754,32790,29454,27026,25905,24749
"연천군",22487,21750,21943,21858,22002,22028,21630,21526,21585,21656,21381,20722,20528,20293,19826,19848,19461,19255,18795,18461,18377,18566,18348,17974,17971,17941,18006,17865,17796,17384,16711,16255,16053,15729
"포천군",-,-,-,-,-,-,-,-,-,-,-,-,-,-,-,-,-,-,-,-,-,-,-,53997,50239,49373,48247,46965,45756,42277,39311,36818,35602,33852
"가평군",33116,33019,32606,32140,31775,31533,30768,30359,29840,29212,28551,27966,27417,26989,26109,25556,24401,23825,22782,22000,21443,20836,20378,19917,19678,19515,19148,18780,18564,18063,17080,16355,15925,15328
"양평군",63654,63101,61811,59788,59094,57675,55782,54422,53186,50544,48629,47254,46389,45505,44061,42429,39962,38822,37345,35872,34641,33198,31904,30571,29620,28975,28013,27246,27013,26120,24456,22904,22474,21752
"이천군",-,-,-,-,-,-,-,-,-,-,-,-,-,-,-,-,-,-,-,-,-,-,-,-,-,-,-,-,-,-,47965,45507,44118,43551
"용인군",-,-,-,-,-,-,-,-,-,-,-,-,-,-,-,-,-,-,-,-,-,-,-,-,-,-,-,-,-,-,79051,66514,59398,55405
"안성군",-,-,-,-,-,-,-,-,-,-,-,-,-,-,-,-,-,-,-,-,-,-,-,-,-,-,-,-,40041,38260,37171,35652,34775,33647
"김포군",-,-,-,-,-,-,-,-,-,-,-,-,-,-,-,-,-,-,-,-,-,-,-,-,-,-,-,-,42219,36740,34540,36511,35339,33380
"강화군",-,-,-,-,-,-,-,-,-,-,-,-,-,-,-,-,-,-,-,-,-,-,-,-,-,-,-,-,-,-,-,21541,21265,20993
"옹진군",-,-,-,-,-,-,-,-,-,-,-,-,-,-,-,-,-,-,-,-,-,-,-,-,-,-,-,-,-,-,-,4978,6698,6510
"강원특별자치도",768900,764834,760635,755481,746220,736301,719524,707245,700265,692254,685005,673978,664913,655301,648649,639001,617693,606950,594360,583890,574019,563355,552319,538613,531123,521728,511060,500668,485157,470385,458553,446526,439602,431691
"춘천시",138329,137157,135498,133668,130277,126685,123006,120190,118450,117014,115044,113095,111313,110596,110075,108140,104022,101758,98900,96802,94957,92873,89901,86815,84886,83844,81288,78843,76110,72969,70774,56379,54650,52690
"원주시",176165,173625,171275,168755,164895,160307,154583,149166,145521,142136,138380,134487,132207,130617,128436,123983,119306,116514,113465,110023,104779,100691,97162,93396,90841,88050,84903,82395,79066,74222,70874,52747,51174,49194
"강릉시",105025,104223,103682,103352,102879,101424,99086,96859,95963,94781,93774,93007,92412,91332,90090,89984,87636,86939,86364,85372,84259,83086,82020,80043,78910,77753,75817,73705,70843,68938,67106,45853,44576,43270
"동해시",43489,43606,43361,43251,42916,42306,41141,40784,40730,40468,40338,40208,40093,39002,39411,38932,38053,37512,37204,36760,36713,36445,36092,35436,34845,34200,33674,33022,32328,31181,29988,28775,27790,26623
"태백시",20065,20246,20377,20324,20731,21588,21798,21832,21889,22265,22293,22352,22204,22258,22230,22292,21182,21131,20843,20386,20320,20141,19870,19722,19467,19042,18968,18794,18536,18607,18773,19053,19599,20957
"속초시",41109,41278,41330,41193,40706,39932,38689,37993,37772,37193,37084,37032,36946,36745,36579,36671,35787,35615,35291,34921,34484,34012,33848,33258,32782,32019,30891,29729,28451,26968,25750,24375,23096,21753
"삼척시",33240,33687,33700,33715,33184,33635,34082,34227,33863,34147,34601,35204,35362,34066,33388,32482,31233,29736,28681,28366,28277,27947,27748,27510,27523,27655,27647,27455,26771,26466,26424,12028,11834,11479
"춘천군",-,-,-,-,-,-,-,-,-,-,-,-,-,-,-,-,-,-,-,-,-,-,-,-,-,-,-,-,-,-,-,11892,11775,11540
"홍천군",35022,34889,34594,34510,34237,34187,33142,32760,32467,31851,31443,31183,30885,29894,29648,29280,28707,28486,27776,27197,26997,26896,25809,25666,25585,24930,24525,24007,23457,22851,22226,21744,21426,21097
"횡성군",24065,24048,23908,23767,23593,23276,22832,22411,21777,21283,20821,20348,19960,19461,19160,18960,18491,17942,17529,16883,16704,16386,15852,15722,15406,15149,15032,14949,14551,14526,14331,14032,13882,13591
"원주군",-,-,-,-,-,-,-,-,-,-,-,-,-,-,-,-,-,-,-,-,-,-,-,-,-,-,-,-,-,-,-,14902,14369,13575
"영월군",20893,21139,21276,21288,21143,21246,21044,21011,20715,20255,19990,19597,19111,18881,18668,18505,17945,17529,17195,16834,16830,16733,17004,16983,18003,17068,17125,16952,16580,16515,16510,16347,16352,16480
"평창군",22013,22080,21993,21927,21665,21618,21379,21172,21008,20745,20601,20279,20030,19783,19569,19392,19027,18712,18499,18226,18021,17707,17881,16971,16523,16251,16119,16103,15761,15376,14834,14453,14294,14291
"정선군",19999,19124,19287,19533,19713,20230,19974,19761,19554,19571,19519,19347,19330,19058,18968,19210,18417,18292,18114,18294,18382,18314,18145,18182,17568,17570,17307,17625,17414,17679,18199,19058,20320,21614
"철원군",20275,20270,20501,20605,20862,21182,21216,21451,21583,21778,22017,20337,19835,19975,19970,20316,18889,18756,18097,18016,18087,18025,17765,17127,17331,17351,17164,16975,16474,16030,15627,15144,14872,14587
"화천군",11979,12055,12052,12114,12556,12862,12603,12564,13065,13207,13668,13474,11734,11686,11716,11370,11038,10813,9764,9754,9731,9796,9784,8889,9040,8950,8865,8818,8619,8508,8342,8117,7946,7759
"양구군",10392,10367,10544,10609,10660,10828,10840,11058,11340,11355,11140,10778,10507,10051,9775,9407,8989,8875,8716,8396,8261,8192,8132,7984,8004,7908,7911,7794,7483,7415,7272,7081,6954,6827
"인제군",16599,16709,16787,16631,16380,15900,15583,15550,15523,15426,15594,14613,14474,14348,13935,13528,13015,12977,13043,12963,12796,12200,11738,11524,11421,11405,11294,11112,10859,10730,10521,10220,9921,9711
"고성군",15317,15331,15431,15291,15064,14546,14445,14763,15519,15377,15324,15408,15377,14663,14248,13975,13562,13136,12757,12793,12698,12484,12326,12287,12216,12089,12118,12127,11918,11808,11703,11392,11322,11276
"양양군",14924,15000,15039,14948,14759,14549,14081,13693,13526,13402,13374,13229,13133,12885,12783,12574,12394,12227,12122,11904,11723,11427,11242,11098,10772,10494,10412,10263,9936,9596,9299,9092,9024,8824
"명주군",-,-,-,-,-,-,-,-,-,-,-,-,-,-,-,-,-,-,-,-,-,-,-,-,-,-,-,-,-,-,-,19562,19422,19186
"삼척군",-,-,-,-,-,-,-,-,-,-,-,-,-,-,-,-,-,-,-,-,-,-,-,-,-,-,-,-,-,-,-,14280,15004,15367
"충청북도",797797,787756,779967,771848,760672,745644,722123,707220,692140,680960,669503,656321,644062,633166,627006,617431,599204,587411,574189,561762,547213,534231,522501,508561,499739,491781,480519,471831,457526,442057,428922,416001,406391,393020
"청주시",409218,404569,399092,393697,387016,376252,360496,353320,346000,341596,336408,330551,259455,254271,251174,247916,240704,237556,233659,229125,226145,218997,211263,201444,193794,187345,181228,175932,167549,160200,154972,149213,142983,136068
"상당구",89179,89601,89763,87184,84548,81185,73870,72401,69624,70130,70468,70847,94768,91519,91521,91133,90748,90706,91428,92360,90853,87628,83893,78817,75573,73808,73218,72520,69937,68294,64268,-,-,-
"서원구",89521,87924,88901,90101,89194,87404,87148,87678,88484,87531,87656,87902,-,-,-,-,-,-,-,-,-,-,-,-,-,-,-,-,-,-,-,-,-,-
"흥덕구",139909,136436,130239,125730,123699,120261,114477,109293,106959,105126,103300,100445,164687,162752,159653,156783,149956,146850,142231,136765,135292,131369,127370,122627,118221,113537,108010,103412,97612,91906,90704,-,-,-
"청원구",90609,90608,90189,90682,89575,87402,85001,83948,80933,78809,74984,71357,-,-,-,-,-,-,-,-,-,-,-,-,-,-,-,-,-,-,-,-,-,-
"동부출장소",-,-,-,-,-,-,-,-,-,-,-,-,-,-,-,-,-,-,-,-,-,-,-,-,-,-,-,-,-,-,-,60222,56076,-
"서부출장소",-,-,-,-,-,-,-,-,-,-,-,-,-,-,-,-,-,-,-,-,-,-,-,-,-,-,-,-,-,-,-,88991,86907,-
"충주시",104470,103470,102143,100843,99651,98020,95648,93163,90246,88900,87463,86591,84902,83848,82946,82295,80251,78655,76788,75053,73933,72853,71841,71070,70879,70350,69522,68340,66846,64829,62799,41781,40179,38937
"제천시",66373,65881,66038,65436,64540,63945,63417,62367,61949,60946,59856,59233,58662,57975,57393,56504,54485,53291,52392,51480,50763,49552,49082,48656,48439,48519,47305,46397,45274,44005,42874,31270,30661,29711
"청원군",-,-,-,-,-,-,-,-,-,-,-,-,64846,63926,64669,62144,59873,58171,55221,52408,45274,43901,43159,42273,41992,41452,39797,39395,37705,35788,34160,33340,33066,32187
"보은군",16902,16814,16864,16959,17039,16981,16684,16600,16501,16304,16147,15864,15710,15577,15510,15464,15158,14950,14736,14858,14782,14761,14770,14803,14956,15017,15070,15057,14906,14916,14875,14811,14943,14973
"옥천군",26171,25368,25406,25415,25104,24437,24004,23681,23290,23092,22967,22608,22494,22407,22307,22309,21826,21471,21259,21036,20890,20806,20730,20470,20279,20289,20125,20147,19883,19516,19370,18966,18965,18818
"영동군",23659,23715,23722,23794,23813,24414,24509,24370,24132,23840,23586,23111,22554,22293,22025,21767,21271,20689,20229,20080,20037,19905,19963,20003,19888,20016,19975,19954,19799,19588,19350,19049,18951,18616
"증평군",18968,18961,18944,18583,17832,17697,17283,16854,16694,16238,15790,14727,14398,14173,14091,13762,13326,12481,11966,11508,11234,11028,11013,-,-,-,-,-,-,-,-,-,-,-
"진천군",43425,42976,42751,42398,41323,39594,37213,35276,32898,30746,29750,28285,27750,26873,26488,26005,25280,24652,24106,23831,23171,22565,21711,20971,20736,20306,19461,19324,18885,18061,17127,16524,16242,15650
"괴산군",22117,21400,21304,21347,21851,22145,21256,20899,20577,19905,19620,19151,18716,18187,17805,17341,16908,16433,16206,16093,15976,15935,15720,15632,15773,15737,15748,15750,15654,15565,15494,15311,15455,15414
"음성군",51270,49269,48431,48292,47431,46831,46402,45571,45069,44649,43279,41749,40307,39536,38518,37887,36457,35684,34408,33014,31810,30920,30163,29628,29270,28874,28373,27828,27444,26100,24906,23499,22861,21697
"중원군",-,-,-,-,-,-,-,-,-,-,-,-,-,-,-,-,-,-,-,-,-,-,-,-,-,-,-,-,-,-,-,18985,18951,18515
"제천군",-,-,-,-,-,-,-,-,-,-,-,-,-,-,-,-,-,-,-,-,-,-,-,-,-,-,-,-,-,-,-,10363,10231,10093
"단양군",15224,15333,15272,15084,15072,15328,15211,15119,14784,14744,14637,14451,14268,14100,14080,14037,13665,13378,13219,13276,13198,13008,13086,13287,13472,13583,13438,13495,13481,13418,13183,13343,13396,13392
"증평출장소",-,-,-,-,-,-,-,-,-,-,-,-,-,-,-,-,-,-,-,-,-,-,-,10324,10261,10293,10477,10212,10100,10071,9812,9546,9507,8949
"충청남도",1062282,1052129,1035449,1019093,1001915,983153,959255,943611,923499,902294,885968,871459,857699,842446,868768,854432,827846,812871,796086,774490,756073,736328,691966,666201,653610,641499,626723,614309,596221,571707,550393,532142,523788,511114
"천안시",317941,312542,306418,302893,297987,291425,281333,273851,263434,254676,247695,243364,238677,232724,227976,221744,212488,209512,204645,200280,194101,187837,162102,151536,146412,140891,132292,124047,118060,108978,102202,64464,61547,58335
"동남구",127570,125131,121234,119122,116963,115586,113406,110982,108090,107475,107457,106767,105501,103844,102285,100450,95938,94701,-,-,-,-,-,-,-,-,-,-,-,-,-,-,-,-
"서북구",190371,187411,185184,183771,181024,175839,167927,162869,155344,147201,140238,136597,133176,128880,125691,121294,116550,114811,-,-,-,-,-,-,-,-,-,-,-,-,-,-,-,-
"공주시",53661,53537,53019,52394,51580,50966,50519,50134,49393,48835,48632,48794,49273,48825,51317,50789,49743,49778,49758,49744,49016,47696,46378,45146,44785,44379,43872,43161,42024,41200,40303,16804,16322,15762
"대천시",-,-,-,-,-,-,-,-,-,-,-,-,-,-,-,-,-,-,-,-,-,-,-,-,-,-,-,-,-,-,-,15815,15375,14942
"보령시",48882,49256,49709,49694,49419,49361,48324,47705,47407,47011,46739,45831,45455,45284,45275,45299,44231,43645,43055,41991,41125,40222,39583,39360,39281,39112,38971,38901,38071,37069,36383,-,-,-
"온양시",-,-,-,-,-,-,-,-,-,-,-,-,-,-,-,-,-,-,-,-,-,-,-,-,-,-,-,-,-,-,-,20329,19755,18000
"아산시",168205,165070,159108,152249,145869,139580,135159,132159,129188,124223,122131,120475,117362,114439,112456,109718,105958,100099,92177,88442,85308,82998,73498,69932,65226,63394,60712,59393,57262,52603,48110,-,-,-
"서산시",84117,84142,83565,82433,81407,79103,76748,75091,72469,70991,69993,68248,66956,65364,64361,63668,62603,61312,59440,57438,55868,54453,53816,50286,49906,48709,48114,47349,46262,43763,41387,16572,15855,15266
"계룡출장소",-,-,-,-,-,-,-,-,-,-,-,-,-,-,-,-,-,-,-,-,-,-,-,9460,9097,8696,8550,8298,6684,5356,4540,4063,3536,3065
"논산시",56990,57337,57648,58137,58048,57826,57196,56729,56679,56347,56095,55451,55270,54995,54709,53704,52444,51840,51771,51745,51992,51406,49732,48458,48229,47811,47534,47634,46903,46017,-,-,-,-
"계룡시",19525,19536,19404,18051,17152,16531,15967,15860,15647,14858,14397,13894,13954,14017,14381,14417,14216,13755,12583,12259,11432,10338,10155,-,-,-,-,-,-,-,-,-,-,-
"당진시",86085,85011,83058,81199,79526,77661,76162,75540,74586,73434,72074,70502,68490,66369,-,-,-,-,-,-,-,-,-,-,-,-,-,-,-,-,-,-,-,-
"금산군",26654,26700,26562,26180,25893,25897,25521,25588,25440,25342,25154,24913,24737,24607,24435,24410,24012,23908,24023,23512,23499,23479,22935,22510,22556,22478,21870,21934,21765,21432,20815,19736,19787,19786
"연기군",-,-,-,-,-,-,-,-,-,-,-,-,-,-,34944,34339,32564,32128,32652,33388,32884,32215,30236,28854,27638,26893,26544,26231,25288,24896,24197,24090,23977,23977
"공주군",-,-,-,-,-,-,-,-,-,-,-,-,-,-,-,-,-,-,-,-,-,-,-,-,-,-,-,-,-,-,-,22771,22895,22760
"논산군",-,-,-,-,-,-,-,-,-,-,-,-,-,-,-,-,-,-,-,-,-,-,-,-,-,-,-,-,-,-,45218,43903,43547,43214
"부여군",32080,32353,32667,32945,33257,33562,33341,33193,32999,32903,32733,32362,32288,32164,32035,32223,31590,31591,31612,31592,31604,31464,31383,31401,31419,31406,31474,31517,31242,31073,31171,31128,31396,31170
"서천군",26129,26424,26543,26666,26646,26794,26410,26433,26544,26583,26622,26670,26663,26612,26638,26753,26149,25841,25648,25656,25782,25664,25683,25852,26123,26224,26415,26425,26030,25941,25768,25638,25636,25607
"보령군",-,-,-,-,-,-,-,-,-,-,-,-,-,-,-,-,-,-,-,-,-,-,-,-,-,-,-,-,-,-,-,20006,20326,20546
"청양군",16898,16743,16722,16567,16426,16378,16296,16274,16147,15668,15226,14859,14588,14375,14253,14216,13981,13921,13856,13761,13800,13658,13761,13887,13997,14030,13995,13982,13786,13660,13626,13576,13603,13490
"홍성군",50496,49194,47463,46871,46746,46588,45920,45358,44833,43555,41008,39530,38320,37536,36967,36490,35634,35397,35196,35177,34610,33763,33598,31628,31577,31321,31148,31046,30323,29537,29212,28661,28432,28039
"예산군",41198,40879,40245,39605,39051,38946,38290,38060,37489,37251,37488,37369,36924,36720,36548,36454,35864,35854,35536,35185,34668,34044,33924,33687,33628,33045,32851,32678,32042,31682,31341,30982,30818,30424
"서산군",-,-,-,-,-,-,-,-,-,-,-,-,-,-,-,-,-,-,-,-,-,-,-,-,-,-,-,-,-,-,-,23053,23162,22758
"태안군",33421,33405,33318,33209,32908,32535,32069,31636,31244,30617,29981,29197,28742,28415,28140,28132,27462,27149,26260,25747,24930,24339,23767,23727,23586,23159,22561,22278,21732,20996,20697,20467,20405,20202
"당진군",-,-,-,-,-,-,-,-,-,-,-,-,-,-,64333,62076,58907,57141,57874,48573,45454,42752,41415,40477,40150,39951,39820,39435,38747,37504,35423,34025,33232,32446
"아산군",-,-,-,-,-,-,-,-,-,-,-,-,-,-,-,-,-,-,-,-,-,-,-,-,-,-,-,-,-,-,-,25109,24413,24075
"천안군",-,-,-,-,-,-,-,-,-,-,-,-,-,-,-,-,-,-,-,-,-,-,-,-,-,-,-,-,-,-,-,30950,29769,27250
"전북특별자치도",868116,864608,861193,855849,849001,836660,816191,806235,797916,790084,782986,774562,766699,760189,754479,740650,720993,710550,701419,692574,683683,675145,672111,658563,656185,645798,635691,624618,607054,595567,584807,571207,564730,553352
"전주시",296468,296931,296394,296241,293207,284106,273753,266541,260683,258006,254710,251702,247718,244811,241199,234415,227704,223318,218224,214515,209069,204772,201263,195850,191544,189042,182919,175945,168482,163814,158232,152838,149221,144473
"완산구",152662,153058,153376,153551,152056,149040,143731,142949,144937,143668,142810,140438,138200,136704,134842,129853,125226,123199,120649,119225,116275,112258,110365,106560,102559,100906,96934,94318,48001,47921,46857,78964,76298,72065
"덕진구",143806,143873,143018,142690,141151,135066,130022,123592,115746,114338,111900,111264,109518,108107,106357,104562,102478,100119,97575,95290,92794,92514,90898,89290,88985,88136,85985,81627,77785,75579,75474,73874,72923,72408
"전주시효자출장소",-,-,-,0,-,0,-,-,-,-,-,-,-,-,-,-,-,-,-,-,-,-,-,-,-,-,-,-,42696,40314,35901,-,-,-
"군산시",126059,125189,123996,123176,122250,121220,118264,117068,115657,115329,114382,113098,112103,111278,109102,106405,101757,99379,96219,94828,93226,91909,90642,89491,88784,87989,86762,85518,82836,80677,78520,58028,56354,54055
"익산시",132645,131084,130197,130068,129962,128400,126876,126516,126333,123675,122857,122345,122164,120978,122103,118174,114994,114197,114011,112593,111358,110595,109436,107663,107180,105012,103547,101436,97865,95220,94256,62545,60127,57161
"익산시함열출장소",-,-,-,0,-,0,-,-,-,-,-,-,-,-,-,-,-,-,-,-,-,-,-,-,-,-,-,-,-,-,-,-,-,-
"정읍시",54386,54514,54734,54528,54242,54335,53582,53110,52722,52330,52203,51988,51841,51757,51859,51812,50664,50328,50140,50039,50207,50188,52310,49877,51096,50451,49450,48916,47797,46739,45796,20334,19879,19487
"남원시",39778,39901,39839,39799,39670,39457,38427,38054,37686,37529,37213,37046,36946,36781,36664,36425,35698,35337,35028,35124,35300,35359,35846,35239,35291,34589,34073,34050,33749,33397,32977,15859,15468,14842
"김제시",44463,43768,43625,43215,42509,42459,41850,41618,41712,41601,41438,41535,41523,41532,41480,41481,40595,40252,40325,40600,40581,40510,40903,40363,40648,40094,39782,40050,39403,39442,39314,13987,13478,13074
"완주군",50263,49553,48652,45356,44020,43275,41800,41881,41835,41204,40750,38090,36241,35824,35003,35099,34510,33963,33139,32593,32171,30927,30866,29932,29872,28440,28172,27578,26910,25945,25572,24620,24372,24117
"진안군",13812,13681,13593,13513,13494,13406,13131,13023,12927,12654,12571,12504,12553,12480,12771,12463,12358,11955,12523,11564,11622,11551,11431,11275,11338,11135,11554,11795,11907,12222,12356,12569,12782,12788
"무주군",13009,13018,13008,12932,12823,12674,12421,12204,12001,11893,11821,11761,11570,11428,11473,11402,11262,11172,10902,10714,10630,10515,10475,10520,10625,10339,10646,10208,10115,10003,9903,9778,9782,9673
"장수군",11732,11510,11542,11611,11584,11554,11308,11327,11144,11123,10909,10787,10572,10460,10457,10464,10282,10148,10449,9848,9775,9816,9917,9566,9819,9714,9649,9648,9449,9403,9286,9272,9298,9328
"임실군",14796,14909,14916,14992,14899,14801,14788,14790,14557,14332,14269,14157,13947,13916,14083,13876,13721,13604,13769,13657,13451,13340,13422,13506,13703,13604,13735,13814,13635,13662,13762,13722,13872,13984
"남원군",-,-,-,-,-,-,-,-,-,-,-,-,-,-,-,-,-,-,-,-,-,-,-,-,-,-,-,-,-,-,-,16407,16637,16645
"순창군",15030,14516,14332,14132,13996,14097,13816,13877,13872,13819,13784,13753,13576,13325,13065,13197,13103,13143,13251,13246,12934,12665,12440,12482,12605,12596,12676,12773,12697,12783,12726,12687,12928,12966
"정읍군",-,-,-,-,-,-,-,-,-,-,-,-,-,-,-,-,-,-,-,-,-,-,-,-,-,-,-,-,-,-,-,24806,25159,25226
"고창군",28425,28600,28733,28592,28757,29057,28735,28802,29159,28900,28671,28435,28412,28166,27775,27814,27144,26621,26327,26199,26158,26016,26277,26361,26708,26449,26251,26370,26170,26337,26244,26114,26379,26291
"부안군",27250,27434,27632,27694,27588,27819,27440,27424,27628,27689,27408,27361,27533,27453,27445,27623,27201,27133,27112,27054,27201,26982,26883,26438,26972,26344,26475,26517,26039,25923,25863,25724,25854,25809
"김제군",-,-,-,-,-,-,-,-,-,-,-,-,-,-,-,-,-,-,-,-,-,-,-,-,-,-,-,-,-,-,-,24805,25744,25876
"옥구군",-,-,-,-,-,-,-,-,-,-,-,-,-,-,-,-,-,-,-,-,-,-,-,-,-,-,-,-,-,-,-,17956,18149,18380
"익산군",-,-,-,-,-,-,-,-,-,-,-,-,-,-,-,-,-,-,-,-,-,-,-,-,-,-,-,-,-,-,-,29156,29247,29177
"전라남도",913284,912412,911442,907710,903108,893152,872628,860303,851376,842688,833901,823667,815769,808682,805051,799520,783156,773087,765729,758147,751732,741768,737207,731087,728837,723932,717161,711462,694949,681182,667928,652320,648549,639744
"목포시",102623,104201,104375,104039,103162,103316,102481,101609,100845,101180,100172,99955,99334,99652,98809,98181,96223,95086,92615,90511,88849,86027,84356,82721,80961,79378,78077,77471,76256,73207,69736,65405,63171,60887
"여수시",127406,128285,128733,128720,128169,126988,123677,120810,119684,118910,117602,116100,114364,112907,111921,110613,107985,106931,104984,103626,102450,101244,100917,99870,99138,98668,97483,96883,53958,52600,51239,50588,50048,49041
"순천시",127713,127022,126412,124828,124029,121488,116946,113942,111677,109650,107871,105841,104507,102713,101471,100273,97100,95564,94599,93124,91716,89608,88326,86556,85396,83955,82209,81130,79001,75188,71723,46653,44029,41765
"나주시",60162,59951,60419,59865,59292,58025,56090,54872,52303,49378,46444,42886,41094,40841,40768,41284,40733,40836,41277,41172,40898,40506,40484,40102,40151,40178,39826,39938,39767,39398,38646,12009,11659,11294
"여천시",-,-,-,-,-,-,-,-,-,-,-,-,-,-,-,-,-,-,-,-,-,-,-,-,-,-,-,-,23163,22613,21972,20718,20361,20020
"동광양시",-,-,-,-,-,-,-,-,-,-,-,-,-,-,-,-,-,-,-,-,-,-,-,-,-,-,-,-,-,-,-,18304,17656,17743
"광양시",73307,72237,70162,68734,67103,65668,65725,64186,62790,61487,59789,58698,57707,57026,56442,53423,51840,50344,48665,47707,46742,45541,44373,43842,43176,42670,42523,41915,39893,39212,38520,-,-,-
"담양군",23941,24215,24557,24787,24773,24369,23521,23129,22710,22334,21953,21735,21516,21308,21217,20989,20431,20421,20852,20294,19976,19406,18898,18649,18715,18940,19000,19080,18904,18820,18752,18412,18360,18201
"곡성군",15844,15600,15577,15512,15536,15414,15289,15132,15090,14960,14994,14782,14705,14269,14342,14449,14241,14198,14460,14166,14077,13850,13876,14108,14232,14386,14128,14147,13914,13574,13442,13282,13351,13320
"구례군",13423,13402,13432,13429,13462,13414,13243,13151,13106,12883,12672,12424,12230,12067,12047,11968,11851,11759,11759,11862,11883,11819,11722,11762,11718,11660,11563,11553,11271,11121,11033,10912,10925,10786
"광양군",-,-,-,-,-,-,-,-,-,-,-,-,-,-,-,-,-,-,-,-,-,-,-,-,-,-,-,-,-,-,-,19383,19527,19937
"여천군",-,-,-,-,-,-,-,-,-,-,-,-,-,-,-,-,-,-,-,-,-,-,-,-,-,-,-,-,18275,18256,18311,18320,18652,18562
"승주군",-,-,-,-,-,-,-,-,-,-,-,-,-,-,-,-,-,-,-,-,-,-,-,-,-,-,-,-,-,-,-,20880,20881,20372
"고흥군",35082,35280,35360,35445,35379,35290,34791,34536,34516,34508,34583,34657,34699,34807,34855,35151,35162,35110,35284,35622,35902,36222,36664,36471,36600,36806,36524,36282,35846,35872,36020,36162,36504,36164
"보성군",21694,21753,21967,22282,22511,22628,22276,22459,22428,22449,22384,22345,22296,22381,22557,22833,22611,22622,22624,22759,22862,22827,22912,22698,22826,22960,22968,22925,22645,22841,22955,23026,23260,23316
"화순군",31606,31825,31976,32093,32012,31090,30103,29928,29671,29575,29405,29430,29517,29452,29495,29494,29147,28944,29012,28917,28835,28770,28794,29030,28929,28173,27573,26582,24833,24205,22556,21603,21174,20625
"장흥군",19681,19633,19691,19788,20103,20431,20143,20139,20232,20161,20890,20603,20447,20228,20085,19878,19431,19265,19319,19333,19393,19368,19392,19541,19651,19676,19698,19647,19316,19113,18921,18714,18720,18692
"강진군",18117,18210,18449,18550,18592,18612,18351,18352,18358,18414,18577,18753,18756,18550,18824,18783,18491,18352,18246,18253,18205,18133,18063,18086,18496,18111,18429,18355,17988,17811,17815,17735,17789,17680
"해남군",34369,34600,34916,35074,35225,35259,34824,34745,35071,35231,35354,35344,35438,35488,35366,35660,35400,34952,35009,35075,35215,35147,35244,35217,35746,35717,35222,34689,33605,33231,33308,33195,33465,33034
"영암군",28342,28670,28817,28353,28197,27827,27362,26851,26885,27190,27242,27353,27191,27467,27544,27248,26642,25957,25643,25338,25069,24743,24599,24542,24019,23902,23626,23151,22064,21666,20504,20065,20197,20129
"무안군",46419,44868,43436,43119,42739,40114,36722,36410,36235,35500,35086,34562,33549,32248,32211,31572,30383,28076,26900,25675,25215,24909,24830,24931,25191,24927,24723,24434,24022,23557,23354,23064,23062,22767
"나주군",-,-,-,-,-,-,-,-,-,-,-,-,-,-,-,-,-,-,-,-,-,-,-,-,-,-,-,-,-,-,-,25895,25906,25683
"함평군",17579,17833,18065,18010,17980,17995,17837,17751,17790,17591,17547,17489,17604,17519,17556,17716,17575,17449,17434,17412,17553,17153,17312,17114,17255,17398,17528,18372,17244,17170,17259,17158,17421,17309
"영광군",28579,27900,27602,27549,27112,27138,26687,26378,26244,26054,26070,26040,26309,25778,25552,25637,24983,24860,24762,24991,25162,25100,25057,25251,25663,25850,25770,25603,24715,23734,23707,23833,24566,24478
"장성군",23534,23170,23400,23358,23160,23178,22850,22095,21885,21557,21529,21292,21191,20971,20882,20938,20491,20289,20257,20119,20228,20050,19869,19721,19888,19835,19657,19640,19517,19236,18874,17687,17602,17566
"완도군",25091,25357,25602,25781,26029,26241,25872,25835,25750,25688,25535,25321,25240,25215,25227,25274,24977,24745,24937,25095,25075,25068,24938,24904,25018,24715,24519,23805,23352,23141,23148,23007,23187,23032
"진도군",16342,16436,16548,16578,16700,16840,16102,16110,16060,15911,15932,15865,15803,15736,15775,15782,15580,15641,15728,15799,15781,15817,15732,15714,15828,15735,15811,15629,15505,15537,15737,15466,15570,15544
"신안군",22430,21964,21946,21816,21843,21827,21736,21883,22046,22077,22270,22192,22272,22059,22105,22374,21879,21686,21363,21297,20646,20460,20849,20257,20240,20292,20304,20231,19895,20079,20396,20844,21506,21797
"경상북도",1295685,1291568,1282500,1286873,1276846,1254662,1227548,1207351,1193261,1180643,1169648,1153559,1139387,1125195,1114901,1101486,1073367,1058099,1045213,1030265,1006080,985475,974099,964032,954933,943498,931140,921203,903074,882384,858110,867007,851883,826972
"포항시",238639,237089,233932,232371,232201,225693,220328,216654,214012,212095,210690,207515,204857,202148,199120,196411,190790,187079,183065,179593,176676,172929,170098,167754,165648,163532,160059,157631,155235,153133,150337,94176,91843,89842
"남구",108623,109739,110639,109532,109419,106025,104824,103887,103117,102685,102172,101073,100431,99746,98991,98648,96040,94588,92588,90248,89359,87147,86558,-,-,-,-,-,-,-,-,-,-,-
"북구",130016,127350,123293,122839,122782,119668,115504,112767,110895,109410,108518,106442,104426,102402,100129,97763,94750,92491,90477,89345,87317,85782,83540,-,-,-,-,-,-,-,-,-,-,-
"경주시",126452,124985,124577,124027,123071,121505,118542,116805,114942,113798,112609,111848,111053,109675,108945,108567,106571,105579,105009,103547,102182,101031,100514,99383,98386,97715,96664,95170,93794,90774,87124,44392,43202,40849
"김천시",69098,69000,69125,69038,68393,67122,65273,63443,63360,62202,60757,57275,56681,55964,55334,54693,53122,53071,52352,51688,51244,50543,51193,49159,49227,48360,47994,46742,45993,45266,44608,23727,23173,22503
"안동시",80964,80157,78283,77759,77666,76915,74827,73863,73816,73714,73108,71881,70674,69617,68766,68075,66870,65849,64409,63530,62994,62202,61667,61310,60583,60077,59398,59034,58262,57960,57005,33865,32807,31586
"구미시",193084,190392,187139,184786,182645,179889,176015,173269,171387,168487,167635,166686,165018,163030,161502,157057,151440,149224,147127,143411,134065,127745,122042,118921,116059,112223,111946,110101,106918,103064,99723,70656,67524,60727
"영주시",51283,51571,51423,50663,50271,49718,49063,48982,48845,48678,48186,48093,48324,47908,47446,46744,45397,44843,44447,44182,43914,43648,43423,42918,42746,42561,42261,41990,41102,40564,40173,23788,23087,22433
"영천시",53903,54862,54976,54431,53904,52861,51439,50020,48564,47509,47110,46355,45605,45328,45765,44857,43964,43571,43539,42429,42484,42412,42820,42632,42581,42039,42075,41761,40123,39084,38614,16478,16001,15077
"상주시",48776,49163,49493,49315,48965,48856,48796,47527,47048,46750,46313,45845,45413,45174,45047,44981,44549,43432,43246,42901,42848,42775,42900,43099,43171,43180,43024,43068,42727,42192,41599,15389,14948,14450
"점촌시",-,-,-,-,-,-,-,-,-,-,-,-,-,-,-,-,-,-,-,-,-,-,-,-,-,-,-,-,-,-,-,13044,12875,12758
"문경시",36039,36638,36814,37056,37069,36268,35587,34644,34555,34643,34625,34159,33674,33357,33226,33161,32082,31071,30140,30094,30015,29771,29642,29745,30571,30188,29585,29360,28853,28641,28549,-,-,-
"경산시",131848,131633,129264,127392,124869,119680,115537,112513,109849,107821,106495,103935,100272,98130,96241,94447,91529,90779,89966,88427,84463,79836,77279,76068,73645,72047,71174,69655,65427,59726,52339,24178,22422,20211
"달성군",-,-,-,-,-,-,-,-,-,-,-,-,-,-,-,-,-,-,-,-,-,-,-,-,-,-,-,-,-,-,-,35588,34742,33259
"군위군",-,-,-,13693,13258,13096,12938,12784,12670,12428,12189,12038,11896,11671,11647,11791,11673,11625,11669,11749,11864,11995,12035,12317,12614,12271,11975,11720,11717,11612,11562,11462,11563,11407
"의성군",29065,29104,29471,29005,28798,28750,28212,27822,27574,27440,27398,27352,27316,27407,27370,27475,26941,26813,26848,27013,27077,27140,27445,27706,28082,28406,28550,28689,28575,28535,28632,28852,29134,28927
"안동군",-,-,-,-,-,-,-,-,-,-,-,-,-,-,-,-,-,-,-,-,-,-,-,-,-,-,-,-,-,-,-,22232,22649,22777
"청송군",13934,13985,13999,14038,14029,14064,13862,13723,13562,13460,13332,13220,13023,12885,12827,12740,12595,12495,12499,12503,12542,12503,12611,12674,12811,12756,12637,12658,12495,12287,12308,12189,12242,12017
"영양군",9142,8954,8994,9070,9055,9127,8942,8913,8827,8800,8784,8817,8825,8725,8688,8681,8495,8460,8458,8496,8466,8314,8308,8296,8389,8365,8374,8375,8242,8262,8172,8123,8195,8159
"영덕군",19389,19486,19725,19741,19895,20153,20085,20123,20045,20185,20039,20006,20076,19919,20051,20140,19790,19717,19735,20109,19493,19378,19338,19957,19291,19391,19437,19317,19058,19005,18979,18934,19014,18917
"영일군",-,-,-,-,-,-,-,-,-,-,-,-,-,-,-,-,-,-,-,-,-,-,-,-,-,-,-,-,-,-,-,52732,52286,51001
"경주군",-,-,-,-,-,-,-,-,-,-,-,-,-,-,-,-,-,-,-,-,-,-,-,-,-,-,-,-,-,-,-,39793,39054,37706
"영천군",-,-,-,-,-,-,-,-,-,-,-,-,-,-,-,-,-,-,-,-,-,-,-,-,-,-,-,-,-,-,-,21588,21708,21366
"경산군",-,-,-,-,-,-,-,-,-,-,-,-,-,-,-,-,-,-,-,-,-,-,-,-,-,-,-,-,-,-,-,25157,23977,23371
"청도군",23511,23427,23525,23443,23251,22843,22473,22181,21912,21722,21493,21211,20830,20578,20397,20177,19682,19428,19386,19282,19069,18950,19114,18960,18889,18955,19236,19369,19092,18710,18157,17956,17987,17749
"고령군",17343,17301,17023,16758,16556,16497,16227,16204,16241,16215,16218,16163,16059,15983,15911,15417,15049,14944,14758,14520,14103,13826,13721,13733,13719,13772,13727,13672,13549,12945,12127,11971,11917,11669
"성주군",23950,24108,24059,23918,23621,23516,22915,22677,22389,21877,21444,20989,20686,20395,20428,20092,19839,19325,19279,19163,18999,18709,18720,18948,18456,18362,18403,18403,18382,18201,17927,17649,17429,16947
"칠곡군",53506,53873,54578,54443,53883,53026,52659,52599,52993,53695,53174,52555,52053,50792,49961,49729,48219,46821,45543,43894,40385,38849,37865,36818,35683,34921,30431,30032,29532,28627,26793,24948,23889,23200
"금릉군",-,-,-,-,-,-,-,-,-,-,-,-,-,-,-,-,-,-,-,-,-,-,-,-,-,-,-,-,-,-,-,20405,20548,20479
"선산군",-,-,-,-,-,-,-,-,-,-,-,-,-,-,-,-,-,-,-,-,-,-,-,-,-,-,-,-,-,-,-,18854,18692,18339
"상주군",-,-,-,-,-,-,-,-,-,-,-,-,-,-,-,-,-,-,-,-,-,-,-,-,-,-,-,-,-,-,-,25418,25642,25734
"문경군",-,-,-,-,-,-,-,-,-,-,-,-,-,-,-,-,-,-,-,-,-,-,-,-,-,-,-,-,-,-,-,15252,15612,15903
"예천군",27980,27988,28145,28155,27771,27301,26453,25273,23504,22123,21395,21394,21385,21378,21430,21490,21200,21021,20947,20936,20705,20635,20617,20801,21066,21175,21234,21509,21358,21444,21491,21448,21650,21729
"영풍군",-,-,-,-,-,-,-,-,-,-,-,-,-,-,-,-,-,-,-,-,-,-,-,-,-,-,-,-,-,-,-,15812,15896,15842
"봉화군",16502,16600,16823,16830,16882,16908,16705,16705,16583,16492,16409,16268,16011,15874,15825,15843,15413,15288,15170,15105,15067,14997,15143,14944,15112,15151,15255,15318,15182,15177,15161,15071,15241,15420
"울진군",25814,25584,25527,25462,25535,25562,25244,25137,25148,25186,24926,24590,24256,23864,23652,23666,23309,23091,23099,23185,23347,23532,23912,24155,24428,24207,23861,23681,23657,23390,22891,22095,21078,20649
"울릉군",5463,5668,5605,5479,5258,5312,5426,5490,5435,5323,5319,5364,5400,5393,5322,5252,4848,4573,4522,4508,4078,3755,3692,3734,3776,3844,3840,3948,3801,3785,3839,3785,3856,3969
"경상남도",1548615,1537492,1525502,1516930,1505971,1484601,1450822,1425271,1406011,1385684,1367142,1343984,1320887,1301439,1286678,1268731,1231461,1203767,1177923,1153979,1129320,1096069,1074004,1043704,1018039,999572,980868,967817,945671,1218691,1181013,1165466,1133885,1099927
"창원시",-,-,-,-,-,-,-,-,-,-,-,-,-,-,-,-,176102,174485,172670,170968,168342,164126,162053,159887,161029,158699,156648,153655,152763,148105,141814,124344,118554,114988
"창원시",462257,459474,456830,456191,451940,442097,431382,425771,420517,417762,415872,412256,409981,408227,404755,400054,-,-,-,-,-,-,-,-,-,-,-,-,-,-,-,-,-,-
"의창구",97655,97065,96997,96712,95630,111656,106817,102538,101257,99924,100458,99821,97428,96316,95186,93315,-,-,-,-,-,-,-,-,-,-,-,-,-,-,-,-,-,-
"성산구",109601,107403,106216,106194,105052,86158,85420,85722,84149,83682,83742,83959,84706,85336,84983,85030,-,-,-,-,-,-,-,-,-,-,-,-,-,-,-,-,-,-
"마산합포구",86635,86429,85763,84722,84087,80142,78684,78259,77798,76899,75740,74924,74300,74223,73762,73087,-,-,-,-,-,-,-,-,-,-,-,-,-,-,-,-,-,-
"마산회원구",82902,82805,82225,82697,82405,82303,80629,81278,81903,83640,83492,83397,84053,83487,83382,83165,-,-,-,-,-,-,-,-,-,-,-,-,-,-,-,-,-,-
"진해구",85464,85772,85629,85866,84766,81838,79832,77974,75410,73617,72440,70155,69494,68865,67442,65457,-,-,-,-,-,-,-,-,-,-,-,-,-,-,-,-,-,-
"울산시",-,-,-,-,-,-,-,-,-,-,-,-,-,-,-,-,-,-,-,-,-,-,-,-,-,-,-,-,-,298334,287982,225477,220499,219629
"마산시",-,-,-,-,-,-,-,-,-,-,-,-,-,-,-,-,150964,150542,150129,150068,148034,145372,143918,141658,139790,137513,136389,134983,130507,129047,127274,109679,109932,110259
"진주시",162183,161283,159833,158827,157292,154197,149078,145153,142865,140748,138231,134500,131740,130438,128875,127321,124102,122292,121640,120924,119290,116241,113633,110674,108100,106885,104920,103626,101359,98445,96018,72297,70124,67692
"진해시",-,-,-,-,-,-,-,-,-,-,-,-,-,-,-,-,62934,61331,58915,57421,55170,51645,50336,46084,43316,42600,41636,41259,40856,39444,38312,37282,35900,34932
"충무시",-,-,-,-,-,-,-,-,-,-,-,-,-,-,-,-,-,-,-,-,-,-,-,-,-,-,-,-,-,-,-,27443,26748,25969
"통영시",59252,59367,59466,59506,59738,59813,59423,59125,58941,59214,59015,58427,58147,57321,57496,57291,54917,53371,51796,50249,48960,47639,46547,45354,44666,44035,43833,43344,42402,41666,41105,-,-,-
"삼천포시",-,-,-,-,-,-,-,-,-,-,-,-,-,-,-,-,-,-,-,-,-,-,-,-,-,-,-,-,-,-,-,17955,17785,17449
"사천시",56028,55569,55125,54395,53944,53509,52503,52184,51348,51012,50520,50072,49647,48642,47905,47419,45849,45174,44371,43406,41881,40864,40588,40271,40103,39262,38489,37723,37272,36748,35873,-,-,-
"사천남양출장소",0,0,0,0,-,0,-,-,-,-,-,-,-,-,-,-,-,-,-,-,-,-,-,-,-,-,-,-,-,-,-,-,-,-
"김해시",238676,234416,231783,228540,225984,223242,217228,208710,204894,200370,197865,194766,190133,184977,181135,178354,171380,163890,157701,152154,146949,140083,131948,123827,110096,106152,99712,97377,91570,85236,77326,46730,43001,40451
"장유출장소",0,0,0,0,-,0,-,-,-,-,-,-,-,-,-,-,-,-,-,-,-,-,-,-,-,-,-,-,-,-,-,-,-,-
"밀양시",54109,54004,53906,53674,53120,52673,51541,51044,50597,50158,49197,48321,47872,47423,46963,46904,45673,45121,44426,43815,43472,43032,42722,42487,42491,42162,42056,41915,41438,40486,40089,14772,14334,13739
"장승포시",-,-,-,-,-,-,-,-,-,-,-,-,-,-,-,-,-,-,-,-,-,-,-,-,-,-,-,-,-,-,-,15852,14844,14188
"거제시",107012,106060,104565,103495,103674,103779,101969,100775,101279,102413,101534,97392,93572,90793,88629,86467,84371,79463,74380,70545,67299,63813,61456,58729,56989,55062,54063,52969,50272,48199,45430,-,-,-
"양산시",165890,163197,158640,155897,153732,149595,145297,141871,135821,125453,117649,113213,106677,102031,99954,96584,91153,87272,82501,79676,77556,73310,71471,68432,65013,61724,57907,55346,53634,51122,-,-,-,-
"양산시웅상출장소",0,0,0,0,-,0,-,-,-,-,-,-,-,-,-,-,-,-,-,-,-,-,-,-,-,-,-,-,-,-,-,-,-,-
"진양군",-,-,-,-,-,-,-,-,-,-,-,-,-,-,-,-,-,-,-,-,-,-,-,-,-,-,-,-,-,-,-,21499,21287,20967
"의령군",14793,14905,14923,15098,15010,14917,14577,14587,14436,14419,14427,14538,14436,14505,14274,14300,14160,14094,14171,14039,13678,13766,13600,13333,13283,13382,13438,13463,13436,13397,13350,13150,13217,13089
"함안군",29912,30220,30566,30808,30978,31056,30910,30989,31076,31106,30882,30289,29454,29076,28523,28311,27596,26949,26177,25296,24059,23574,23620,23331,23116,22445,22318,22327,21906,21463,21152,20826,21016,20450
"창녕군",31769,31996,32027,32198,32469,32203,31504,31429,31256,30810,30378,29944,29635,29320,28846,28341,27441,27072,26990,26877,26852,26585,26359,26292,26352,26478,26597,26808,26658,26482,26390,26163,26212,25791
"밀양군",-,-,-,-,-,-,-,-,-,-,-,-,-,-,-,-,-,-,-,-,-,-,-,-,-,-,-,-,-,-,-,24693,24765,24544
"양산군",-,-,-,-,-,-,-,-,-,-,-,-,-,-,-,-,-,-,-,-,-,-,-,-,-,-,-,-,-,-,48860,65961,61877,54344
"울산군",-,-,-,-,-,-,-,-,-,-,-,-,-,-,-,-,-,-,-,-,-,-,-,-,-,-,-,-,-,-,-,53082,48894,42798
"김해군",-,-,-,-,-,-,-,-,-,-,-,-,-,-,-,-,-,-,-,-,-,-,-,-,-,-,-,-,-,-,-,25147,25213,24733
"창원군",-,-,-,-,-,-,-,-,-,-,-,-,-,-,-,-,-,-,-,-,-,-,-,-,-,-,-,-,-,-,-,28376,26636,24056
"통영군",-,-,-,-,-,-,-,-,-,-,-,-,-,-,-,-,-,-,-,-,-,-,-,-,-,-,-,-,-,-,-,12501,12531,12591
"거제군",-,-,-,-,-,-,-,-,-,-,-,-,-,-,-,-,-,-,-,-,-,-,-,-,-,-,-,-,-,-,-,27100,26376,25508
"고성군",26339,26383,26546,26564,26318,26222,25882,25842,25827,25853,25883,25844,25718,25685,25692,25599,25198,24231,23534,22906,22727,22583,22478,22413,22369,22201,21981,22046,21763,21432,21306,21103,20960,20679
"사천군",-,-,-,-,-,-,-,-,-,-,-,-,-,-,-,-,-,-,-,-,-,-,-,-,-,-,-,-,-,-,-,16543,16005,15498
"남해군",22755,22268,22534,22774,22786,22780,22612,22255,22135,22155,22236,22265,22325,22477,22918,22438,22223,22102,22367,21419,21298,21330,21339,21243,21373,21438,21532,21612,21489,21479,21585,21388,21229,21074
"하동군",23252,23472,23567,23675,23769,23796,23738,23631,23805,23704,23603,22910,23032,22935,23666,22602,22418,22066,22218,21438,21196,21088,21365,20647,20952,20509,20441,20315,20060,19881,19856,19689,19544,19192
"산청군",19556,19591,19639,19576,19600,19454,19040,18856,18740,18404,18083,17793,17673,17420,17223,17057,16508,16253,16116,15837,15650,15319,15281,15112,14999,15088,15103,15251,15187,15107,14909,14674,14670,14624
"함양군",20242,20471,20679,20868,20840,20754,20427,20159,19915,19598,19363,19222,19095,18935,18934,18810,18298,17927,17697,17534,17310,17082,16986,16919,16800,16758,16721,16660,16405,16217,16255,16090,16049,15923
"거창군",31183,31129,30934,30659,30564,30253,29538,28814,28353,28203,27895,27681,27510,27196,26993,26983,26362,25994,25909,25563,25406,25031,24664,24333,24424,24299,24082,23955,23565,23423,23123,22782,22610,22156
"합천군",23407,23687,23939,24185,24213,24261,24173,24076,24206,24302,24509,24551,24240,24038,23897,23896,23812,24138,24215,23844,24191,23586,23640,22678,22778,22880,23002,23183,23129,22978,23004,22868,23073,22614
"제주특별자치도",315462,314862,313155,311355,307529,302033,293155,287104,278203,266972,256928,246516,238465,232141,227873,224713,217711,214681,211850,208424,204635,199989,194855,188760,183248,177600,173612,170338,165104,160721,156987,153212,150555,146750
"제주시",226663,225846,224433,222599,219978,216202,209439,204621,198454,192353,185874,179090,173370,168658,165494,162824,157704,155398,153042,150379,110161,105459,101976,98081,94368,90562,87991,86052,83215,80612,78252,75557,73566,71152
"서귀포시",88799,89016,88722,88756,87551,85831,83716,82483,79749,74619,71054,67426,65095,63483,62379,61889,60007,59283,58808,58045,30505,29985,29136,28813,28344,27787,27348,26813,26261,25745,25508,25034,24764,24199
"북제주군",-,-,-,-,-,-,-,-,-,-,-,-,-,-,-,-,-,-,-,-,36886,37961,37206,35880,34775,33898,33479,33079,31530,30749,30058,29693,29385,28833
"남제주군",-,-,-,-,-,-,-,-,-,-,-,-,-,-,-,-,-,-,-,-,27083,26584,26537,25986,25761,25353,24794,24394,24098,23615,23169,22928,22840,22566
