"행정구역(시군구)별",2025,2025,2025,2025,2025,2025,2025,2025,2024,2024,2024,2024,2024,2024,2024,2024,2023,2023,2023,2023,2023,2023,2023,2023,2022,2022,2022,2022,2022,2022,2022,2022,2021,2021,2021,2021,2021,2021,2021,2021,2020,2020,2020,2020,2020,2020,2020,2020,2019,2019,2019,2019,2019,2019,2019,2019,2018,2018,2018,2018,2018,2018,2018,2018,2017,2017,2017,2017,2017,2017,2017,2017,2016,2016,2016,2016,2016,2016,2016,2016,2015,2015,2015,2015,2015,2015,2015,2015,2014,2014,2014,2014,2014,2014,2014,2014,2013,2013,2013,2013,2013,2013,2013,2013,2012,2012,2012,2012,2012,2012,2012,2012,2011,2011,2011,2011,2011,2011,2011,2011,2010,2010,2010,2010,2010,2010,2010,2010,2009,2009,2009,2009,2009,2009,2009,2009,2008,2008,2008,2008,2008,2008,2008,2008,2007,2007,2007,2007,2007,2007,2007,2007,2006,2006,2006,2006,2006,2006,2006,2006,2005,2005,2005,2005,2005,2005,2005,2005,2004,2004,2004,2004,2004,2004,2004,2004,2003,2003,2003,2003,2003,2003,2003,2003,2002,2002,2002,2002,2002,2002,2002,2002,2001,2001,2001,2001,2001,2001,2001,2001,2000,2000,2000,2000,2000,2000,2000,2000,1999,1999,1999,1999,1999,1999,1999,1999,1998,1998,1998,1998,1998,1998,1998,1998,1997,1997,1997,1997,1997,1997,1997,1997,1996,1996,1996,1996,1996,1996,1996,1996,1995,1995,1995,1995,1995,1995,1995,1995,1994,1994,1994,1994,1994,1994,1994,1994,1993,1993,1993,1993,1993,1993,1993,1993,1992,1992,1992,1992,1992,1992,1992,1992,1991,1991,1991,1991,1991,1991,1991,1991,1990,1990,1990,1990,1990,1990,1990,1990,1989,1989,1989,1989,1989,1989,1989,1989,1988,1988,1988,1988,1988,1988,1988,1988,1987,1987,1987,1987,1987,1987,1987,1987,1986,1986,1986,1986,1986,1986,1986,1986,1985,1985,1985,1985,1985,1985,1985,1985,1984,1984,1984,1984,1984,1984,1984,1984,1983,1983,1983,1983,1983,1983,1983,1983,1982,1982,1982,1982,1982,1982,1982,1982,1981,1981,1981,1981,1981,1981,1981,1981,1980,1980,1980,1980,1980,1980,1980,1980,1979,1979,1979,1979,1979,1979,1979,1979,1978,1978,1978,1978,1978,1978,1978,1978,1977,1977,1977,1977,1977,1977,1977,1977,1976,1976,1976,1976,1976,1976,1976,1976,1975,1975,1975,1975,1975,1975,1975,1975,1974,1974,1974,1974,1974,1974,1974,1974,1973,1973,1973,1973,1973,1973,1973,1973,1972,1972,1972,1972,1972,1972,1972,1972,1971,1971,1971,1971,1971,1971,1971,1971,1970,1970,1970,1970,1970,1970,1970
"행정구역(시군구)별",총전입 (명),총전출 (명),순이동 (명),시도내이동-시군구내 (명),시도내이동-시군구간 전입 (명),시도내이동-시군구간 전출 (명),시도간전입 (명),시도간전출 (명),총전입 (명),총전출 (명),순이동 (명),시도내이동-시군구내 (명),시도내이동-시군구간 전입 (명),시도내이동-시군구간 전출 (명),시도간전입 (명),시도간전출 (명),총전입 (명),총전출 (명),순이동 (명),시도내이동-시군구내 (명),시도내이동-시군구간 전입 (명),시도내이동-시군구간 전출 (명),시도간전입 (명),시도간전출 (명),총전입 (명),총전출 (명),순이동 (명),시도내이동-시군구내 (명),시도내이동-시군구간 전입 (명),시도내이동-시군구간 전출 (명),시도간전입 (명),시도간전출 (명),총전입 (명),총전출 (명),순이동 (명),시도내이동-시군구내 (명),시도내이동-시군구간 전입 (명),시도내이동-시군구간 전출 (명),시도간전입 (명),시도간전출 (명),총전입 (명),총전출 (명),순이동 (명),시도내이동-시군구내 (명),시도내이동-시군구간 전입 (명),시도내이동-시군구간 전출 (명),시도간전입 (명),시도간전출 (명),총전입 (명),총전출 (명),순이동 (명),시도내이동-시군구내 (명),시도내이동-시군구간 전입 (명),시도내이동-시군구간 전출 (명),시도간전입 (명),시도간전출 (명),총전입 (명),총전출 (명),순이동 (명),시도내이동-시군구내 (명),시도내이동-시군구간 전입 (명),시도내이동-시군구간 전출 (명),시도간전입 (명),시도간전출 (명),총전입 (명),총전출 (명),순이동 (명),시도내이동-시군구내 (명),시도내이동-시군구간 전입 (명),시도내이동-시군구간 전출 (명),시도간전입 (명),시도간전출 (명),총전입 (명),총전출 (명),순이동 (명),시도내이동-시군구내 (명),시도내이동-시군구간 전입 (명),시도내이동-시군구간 전출 (명),시도간전입 (명),시도간전출 (명),총전입 (명),총전출 (명),순이동 (명),시도내이동-시군구내 (명),시도내이동-시군구간 전입 (명),시도내이동-시군구간 전출 (명),시도간전입 (명),시도간전출 (명),총전입 (명),총전출 (명),순이동 (명),시도내이동-시군구내 (명),시도내이동-시군구간 전입 (명),시도내이동-시군구간 전출 (명),시도간전입 (명),시도간전출 (명),총전입 (명),총전출 (명),순이동 (명),시도내이동-시군구내 (명),시도내이동-시군구간 전입 (명),시도내이동-시군구간 전출 (명),시도간전입 (명),시도간전출 (명),총전입 (명),총전출 (명),순이동 (명),시도내이동-시군구내 (명),시도내이동-시군구간 전입 (명),시도내이동-시군구간 전출 (명),시도간전입 (명),시도간전출 (명),총전입 (명),총전출 (명),순이동 (명),시도내이동-시군구내 (명),시도내이동-시군구간 전입 (명),시도내이동-시군구간 전출 (명),시도간전입 (명),시도간전출 (명),총전입 (명),총전출 (명),순이동 (명),시도내이동-시군구내 (명),시도내이동-시군구간 전입 (명),시도내이동-시군구간 전출 (명),시도간전입 (명),시도간전출 (명),총전입 (명),총전출 (명),순이동 (명),시도내이동-시군구내 (명),시도내이동-시군구간 전입 (명),시도내이동-시군구간 전출 (명),시도간전입 (명),시도간전출 (명),총전입 (명),총전출 (명),순이동 (명),시도내이동-시군구내 (명),시도내이동-시군구간 전입 (명),시도내이동-시군구간 전출 (명),시도간전입 (명),시도간전출 (명),총전입 (명),총전출 (명),순이동 (명),시도내이동-시군구내 (명),시도내이동-시군구간 전입 (명),시도내이동-시군구간 전출 (명),시도간전입 (명),시도간전출 (명),총전입 (명),총전출 (명),순이동 (명),시도내이동-시군구내 (명),시도내이동-시군구간 전입 (명),시도내이동-시군구간 전출 (명),시도간전입 (명),시도간전출 (명),총전입 (명),총전출 (명),순이동 (명),시도내이동-시군구내 (명),시도내이동-시군구간 전입 (명),시도내이동-시군구간 전출 (명),시도간전입 (명),시도간전출 (명),총전입 (명),총전출 (명),순이동 (명),시도내이동-시군구내 (명),시도내이동-시군구간 전입 (명),시도내이동-시군구간 전출 (명),시도간전입 (명),시도간전출 (명),총전입 (명),총전출 (명),순이동 (명),시도내이동-시군구내 (명),시도내이동-시군구간 전입 (명),시도내이동-시군구간 전출 (명),시도간전입 (명),시도간전출 (명),총전입 (명),총전출 (명),순이동 (명),시도내이동-시군구내 (명),시도내이동-시군구간 전입 (명),시도내이동-시군구간 전출 (명),시도간전입 (명),시도간전출 (명),총전입 (명),총전출 (명),순이동 (명),시도내이동-시군구내 (명),시도내이동-시군구간 전입 (명),시도내이동-시군구간 전출 (명),시도간전입 (명),시도간전출 (명),총전입 (명),총전출 (명),순이동 (명),시도내이동-시군구내 (명),시도내이동-시군구간 전입 (명),시도내이동-시군구간 전출 (명),시도간전입 (명),시도간전출 (명),총전입 (명),총전출 (명),순이동 (명),시도내이동-시군구내 (명),시도내이동-시군구간 전입 (명),시도내이동-시군구간 전출 (명),시도간전입 (명),시도간전출 (명),총전입 (명),총전출 (명),순이동 (명),시도내이동-시군구내 (명),시도내이동-시군구간 전입 (명),시도내이동-시군구간 전출 (명),시도간전입 (명),시도간전출 (명),총전입 (명),총전출 (명),순이동 (명),시도내이동-시군구내 (명),시도내이동-시군구간 전입 (명),시도내이동-시군구간 전출 (명),시도간전입 (명),시도간전출 (명),총전입 (명),총전출 (명),순이동 (명),시도내이동-시군구내 (명),시도내이동-시군구간 전입 (명),시도내이동-시군구간 전출 (명),시도간전입 (명),시도간전출 (명),총전입 (명),총전출 (명),순이동 (명),시도내이동-시군구내 (명),시도내이동-시군구간 전입 (명),시도내이동-시군구간 전출 (명),시도간전입 (명),시도간전출 (명),총전입 (명),총전출 (명),순이동 (명),시도내이동-시군구내 (명),시도내이동-시군구간 전입 (명),시도내이동-시군구간 전출 (명),시도간전입 (명),시도간전출 (명),총전입 (명),총전출 (명),순이동 (명),시도내이동-시군구내 (명),시도내이동-시군구간 전입 (명),시도내이동-시군구간 전출 (명),시도간전입 (명),시도간전출 (명),총전입 (명),총전출 (명),순이동 (명),시도내이동-시군구내 (명),시도내이동-시군구간 전입 (명),시도내이동-시군구간 전출 (명),시도간전입 (명),시도간전출 (명),총전입 (명),총전출 (명),순이동 (명),시도내이동-시군구내 (명),시도내이동-시군구간 전입 (명),시도내이동-시군구간 전출 (명),시도간전입 (명),시도간전출 (명),총전입 (명),총전출 (명),순이동 (명),시도내이동-시군구내 (명),시도내이동-시군구간 전입 (명),시도내이동-시군구간 전출 (명),시도간전입 (명),시도간전출 (명),총전입 (명),총전출 (명),순이동 (명),시도내이동-시군구내 (명),시도내이동-시군구간 전입 (명),시도내이동-시군구간 전출 (명),시도간전입 (명),시도간전출 (명),총전입 (명),총전출 (명),순이동 (명),시도내이동-시군구내 (명),시도내이동-시군구간 전입 (명),시도내이동-시군구간 전출 (명),시도간전입 (명),시도간전출 (명),총전입 (명),총전출 (명),순이동 (명),시도내이동-시군구내 (명),시도내이동-시군구간 전입 (명),시도내이동-시군구간 전출 (명),시도간전입 (명),시도간전출 (명),총전입 (명),총전출 (명),순이동 (명),시도내이동-시군구내 (명),시도내이동-시군구간 전입 (명),시도내이동-시군구간 전출 (명),시도간전입 (명),시도간전출 (명),총전입 (명),총전출 (명),순이동 (명),시도내이동-시군구내 (명),시도내이동-시군구간 전입 (명),시도내이동-시군구간 전출 (명),시도간전입 (명),시도간전출 (명),총전입 (명),총전출 (명),순이동 (명),시도내이동-시군구내 (명),시도내이동-시군구간 전입 (명),시도내이동-시군구간 전출 (명),시도간전입 (명),시도간전출 (명),총전입 (명),총전출 (명),순이동 (명),시도내이동-시군구내 (명),시도내이동-시군구간 전입 (명),시도내이동-시군구간 전출 (명),시도간전입 (명),시도간전출 (명),총전입 (명),총전출 (명),순이동 (명),시도내이동-시군구내 (명),시도내이동-시군구간 전입 (명),시도내이동-시군구간 전출 (명),시도간전입 (명),시도간전출 (명),총전입 (명),총전출 (명),순이동 (명),시도내이동-시군구내 (명),시도내이동-시군구간 전입 (명),시도내이동-시군구간 전출 (명),시도간전입 (명),시도간전출 (명),총전입 (명),총전출 (명),순이동 (명),시도내이동-시군구내 (명),시도내이동-시군구간 전입 (명),시도내이동-시군구간 전출 (명),시도간전입 (명),시도간전출 (명),총전입 (명),총전출 (명),순이동 (명),시도내이동-시군구내 (명),시도내이동-시군구간 전입 (명),시도내이동-시군구간 전출 (명),시도간전입 (명),시도간전출 (명),총전입 (명),총전출 (명),순이동 (명),시도내이동-시군구내 (명),시도내이동-시군구간 전입 (명),시도내이동-시군구간 전출 (명),시도간전입 (명),시도간전출 (명),총전입 (명),총전출 (명),순이동 (명),시도내이동-시군구내 (명),시도내이동-시군구간 전입 (명),시도내이동-시군구간 전출 (명),시도간전입 (명),시도간전출 (명),총전입 (명),총전출 (명),순이동 (명),시도내이동-시군구내 (명),시도내이동-시군구간 전입 (명),시도내이동-시군구간 전출 (명),시도간전입 (명),시도간전출 (명),총전입 (명),총전출 (명),순이동 (명),시도내이동-시군구내 (명),시도내이동-시군구간 전입 (명),시도내이동-시군구간 전출 (명),시도간전입 (명),시도간전출 (명),총전입 (명),총전출 (명),순이동 (명),시도내이동-시군구내 (명),시도내이동-시군구간 전입 (명),시도내이동-시군구간 전출 (명),시도간전입 (명),시도간전출 (명),총전입 (명),총전출 (명),순이동 (명),시도내이동-시군구내 (명),시도내이동-시군구간 전입 (명),시도내이동-시군구간 전출 (명),시도간전입 (명),시도간전출 (명),총전입 (명),총전출 (명),순이동 (명),시도내이동-시군구내 (명),시도내이동-시군구간 전입 (명),시도내이동-시군구간 전출 (명),시도간전입 (명),시도간전출 (명),총전입 (명),총전출 (명),순이동 (명),시도내이동-시군구내 (명),시도내이동-시군구간 전입 (명),시도내이동-시군구간 전출 (명),시도간전입 (명),시도간전출 (명),총전입 (명),총전출 (명),순이동 (명),시도내이동-시군구간 전입 (명),시도내이동-시군구간 전출 (명),시도간전입 (명),시도간전출 (명)
"전국",6117784,6117784,0,2095832,1836039,1836039,2185913,2185913,6283319,6283319,0,2241537,1867255,1867255,2174527,2174527,6128738,6128738,0,2154739,1831457,1831457,2142542,2142542,6152155,6152155,0,2173548,1805002,1805002,2173605,2173605,7213422,7213422,0,2649108,2117080,2117080,2447234,2447234,7735491,7735491,0,2926406,2274971,2274971,2534114,2534114,7104398,7104398,0,2659826,2059624,2059624,2384948,2384948,7297099,7297099,0,2776681,2091234,2091234,2429184,2429184,7154226,7154226,0,2701400,2041896,2041896,2410930,2410930,7378430,7378430,0,2840295,2084793,2084793,2453342,2453342,7755286,7755286,0,3014020,2189842,2189842,2551424,2551424,7629098,7629098,0,2957867,2163435,2163435,2507796,2507796,7411784,7411784,0,2864028,2124327,2124327,2423429,2423429,7506691,7506691,0,2827998,2165953,2165953,2512740,2512740,8127195,8127195,0,3143729,2378953,2378953,2604513,2604513,8226594,8226594,0,3104796,2459505,2459505,2662293,2662293,8487275,8487275,0,3183026,2575277,2575277,2728972,2728972,8808256,8808256,0,3321911,2694194,2694194,2792151,2792151,9070102,9070102,0,3390521,2757578,2757578,2922003,2922003,9342074,9342074,0,3547116,2848289,2848289,2946669,2946669,8795397,8795397,0,3279032,2701086,2701086,2815279,2815279,8567795,8567795,0,3127996,2646060,2646060,2793739,2793739,9516605,9516605,0,3536987,2971837,2971837,3007781,3007781,9584461,9584461,0,3622611,2967035,2967035,2994815,2994815,9289949,9289949,0,3437686,2920246,2920246,2932017,2932017,9009441,9009441,0,3299280,2864330,2864330,2845831,2845831,9435347,9435347,0,3445888,2964675,2964675,3024784,3024784,8156318,8156318,0,2917869,2559820,2559820,2678629,2678629,8819909,8819909,0,3175759,2805708,2805708,2838442,2838442,8854973,8854973,0,3250389,2768495,2768495,2836089,2836089,9073069,9073069,0,3385801,2822329,2822329,2864939,2864939,8791714,8791714,0,6052025,-,-,2739689,2739689,8807058,8807058,0,5943391,-,-,2863667,2863667,9031576,9031576,0,6171816,-,-,2859760,2859760,8980841,8980841,0,6022999,-,-,2957842,2957842,9459209,9459209,0,6228081,-,-,3231128,3231128,9316219,9316219,0,6126613,-,-,3189606,3189606,9969020,9969020,0,6616530,-,-,3352490,3352490,9308750,9308750,0,6065385,-,-,3243365,3243365,8660428,8660428,0,5639139,-,-,3021289,3021289,8679097,8679097,0,5753800,-,-,2925297,2925297,9043238,9043238,0,6033834,-,-,3009404,3009404,9795811,9795811,0,6584773,-,-,3211038,3211038,8616474,8616474,0,5806253,-,-,2810221,2810221,8194516,8194516,0,5401067,-,-,2793449,2793449,8258573,8258573,0,5652936,-,-,2605637,2605637,7324380,7324380,0,4974831,-,-,2349549,2349549,8410276,8410276,0,5867479,-,-,2542797,2542797,7397623,7397623,0,5234058,-,-,2163565,2163565,6773250,6773250,0,4620297,-,-,2152953,2152953,9011440,9011440,0,6143486,-,-,2867954,2867954,5297969,5297969,0,3709343,-,-,1588626,1588626,4860418,4860418,0,3435573,-,-,1424845,1424845,3687938,3687938,0,2619367,-,-,1068571,1068571,4210164,4210164,0,2878091,-,-,1332073,1332073,4046536,4046536,0,-,-,-,-
"서울특별시",1244928,1271697,-26769,303656,502945,502945,438327,465096,1221380,1266072,-44692,304519,488413,488413,428448,473140,1206963,1238213,-31250,298251,478553,478553,430159,461409,1201527,1236867,-35340,302805,468146,468146,430576,465916,1418187,1524430,-106243,387416,569648,569648,461123,567366,1578127,1642977,-64850,444682,623431,623431,510014,574864,1426493,1476081,-49588,406796,543831,543831,475866,525454,1439707,1549937,-110230,430780,548796,548796,460131,570361,1472937,1571423,-98486,454536,564271,564271,454130,552616,1515602,1655859,-140257,487722,574193,574193,453687,593944,1589431,1726687,-137256,524267,605262,605262,459902,597158,1573594,1661425,-87831,495401,602622,602622,475571,563402,1520090,1620640,-100550,468394,584614,584614,467082,567632,1555281,1658928,-103647,473458,595842,595842,485981,589628,1721748,1834806,-113058,543807,671315,671315,506626,619684,1733015,1848038,-115023,520345,679363,679363,533307,648330,1873188,1925452,-52264,560864,725991,725991,586333,638597,2025358,2083352,-57994,633437,792776,792776,599145,657139,2078045,2130928,-52883,656506,792098,792098,629441,682324,2173907,2210458,-36551,689769,831339,831339,652799,689350,1990749,2041756,-51007,628013,769700,769700,593036,644043,1926235,1973439,-47204,606162,739186,739186,580887,628091,2242723,2311691,-68968,739688,870005,870005,633030,701998,2318051,2424472,-106421,776388,896259,896259,645404,751825,2295784,2409733,-113949,759346,898730,898730,637708,751657,2219407,2266346,-46939,705781,876648,876648,636978,683917,2337989,2419111,-81122,738998,929476,929476,669515,750637,1802931,1936944,-134013,518154,738489,738489,546288,680301,2074884,2253203,-178319,643543,841907,841907,589434,767753,2159555,2370792,-211237,682389,888765,888765,588401,799638,2165332,2487230,-321898,674852,928988,928988,561492,883390,2240086,2476583,-236497,1666106,-,-,573980,810477,2259333,2441965,-182632,1648211,-,-,611122,793754,2395814,2500698,-104884,1764955,-,-,630859,735743,2437238,2474117,-36879,1764051,-,-,673187,710066,2726492,2817484,-90992,1972421,-,-,754071,845063,3049117,2939473,109644,2186860,-,-,862257,752613,3388387,3199831,188556,2431698,-,-,956689,768133,2853398,2768999,84399,2015454,-,-,837944,753545,2683013,2688836,-5823,1934992,-,-,748021,753844,2784387,2754023,30364,2007557,-,-,776830,746466,3052558,2919812,132746,2208384,-,-,844174,711428,3434184,3292353,141831,2510626,-,-,923558,781727,2997854,2865994,131860,2200559,-,-,797295,665435,2859860,2711478,148382,2090599,-,-,769261,620879,2767816,2602912,164904,1985766,-,-,782050,617146,2589667,2441242,148425,1883742,-,-,705925,557500,3307439,3028911,278528,2518286,-,-,789153,510625,2893403,2678007,215396,2212213,-,-,681190,465794,2756510,2495620,260890,2041724,-,-,714786,453896,3396662,2937093,459569,2401970,-,-,994692,535123,2050392,1819660,230732,1511726,-,-,538666,307934,1831858,1647268,184590,1345508,-,-,486350,301760,1349333,1210559,138774,985945,-,-,363388,224614,1671705,1419016,252689,1158556,-,-,513149,260460,1742813,1448985,293828,-,-,-,-
"부산광역시",362416,374597,-12181,98453,157725,157725,106238,118419,378597,392254,-13657,104762,169070,169070,104765,118422,364271,375703,-11432,103359,158695,158695,102217,113649,383848,397410,-13562,109335,169621,169621,104892,118454,441323,460226,-18903,136072,189085,189085,116166,135069,491829,506176,-14347,155767,214524,214524,121538,135885,411704,435058,-23354,125676,176434,176434,109594,132948,416095,442854,-26759,130540,178172,178172,107383,134142,439073,467471,-28398,139074,182532,182532,117467,145865,459015,480407,-21392,147728,192793,192793,118494,139886,507031,520591,-13560,163750,212595,212595,130686,144246,485710,500802,-15092,154513,198769,198769,132428,147520,478451,496161,-17710,156335,202017,202017,120099,137809,461042,481652,-20610,150358,190110,190110,120574,141184,508043,532906,-24863,167237,209693,209693,131113,155976,519334,547800,-28466,168131,225399,225399,125804,154270,519310,549094,-29784,165137,226267,226267,127906,157690,514502,549106,-34604,167064,220814,220814,126624,161228,529343,565419,-36076,169293,228423,228423,131627,167703,559915,594601,-34686,182601,245982,245982,131332,166018,552771,589746,-36975,182612,239396,239396,130763,167738,539108,572337,-33229,171512,235922,235922,131674,164903,625355,667618,-42263,201013,280219,280219,144123,186386,600936,650378,-49442,190627,273495,273495,136814,186256,604650,645838,-41188,190821,284160,284160,129669,170857,595975,639669,-43694,183925,282146,282146,129904,173598,660060,693417,-33357,204955,309889,309889,145216,178573,602418,643339,-40921,182425,288776,288776,131217,172138,641886,686323,-44437,202074,308706,308706,131106,175543,679854,727099,-47245,214878,330294,330294,134682,181927,676037,730946,-54909,223011,322976,322976,130050,184959,668188,725663,-57475,536710,-,-,131478,188953,708358,767283,-58925,562445,-,-,145913,204838,771852,823847,-51995,613596,-,-,158256,210251,741748,777296,-35548,571157,-,-,170591,206139,761684,797544,-35860,577707,-,-,183977,219837,790991,797649,-6658,595930,-,-,195061,201719,892506,869281,23225,661275,-,-,231231,208006,918310,887181,31129,672784,-,-,245526,214397,831658,799693,31965,601161,-,-,230497,198532,821207,807752,13455,595863,-,-,225344,211889,872967,850489,22478,627069,-,-,245898,223420,919150,912993,6157,663934,-,-,255216,249059,932367,918812,13555,685927,-,-,246440,232885,852671,826900,25771,593332,-,-,259339,233568,904252,853118,51134,623421,-,-,280831,229697,809483,734053,75430,534200,-,-,275283,199853,895337,782978,112359,577302,-,-,318035,205676,785117,696120,88997,511015,-,-,274102,185105,724664,629165,95499,462171,-,-,262493,166994,805979,694445,111534,490794,-,-,315185,203651,680984,554013,126971,447094,-,-,233890,106919,482061,414661,67400,316491,-,-,165570,98170,362202,319360,42842,245789,-,-,116413,73571,389797,328367,61430,248102,-,-,141695,80265,448577,376059,72518,-,-,-,-
"대구광역시",268468,272740,-4272,79840,103716,103716,84912,89184,303544,308256,-4712,95053,121986,121986,86505,91217,296291,301579,-5288,91767,120988,120988,83536,88824,265354,276873,-11519,81016,102771,102771,81567,93086,304761,329080,-24319,105699,115986,115986,83076,107395,347248,364083,-16835,122954,133114,133114,91180,108015,312419,336092,-23673,112136,119033,119033,81250,104923,321158,335400,-14242,113477,122144,122144,85537,99779,321182,333118,-11936,110696,125447,125447,85039,96975,328228,337488,-9260,113566,127156,127156,87506,96766,351424,364364,-12940,130786,128399,128399,92239,105179,350213,365739,-15526,127462,125180,125180,97571,113097,351873,363224,-11351,132825,125282,125282,93766,105117,348642,359206,-10564,128630,126031,126031,93981,104545,370563,383310,-12747,141462,135033,135033,94068,106815,370817,382657,-11840,138755,135894,135894,96168,108008,398626,411288,-12662,144903,153852,153852,99871,112533,409938,422676,-12738,149384,161729,161729,98825,111563,399853,416398,-16545,145078,152791,152791,101984,118529,428417,454076,-25659,160586,165383,165383,102448,128107,440350,465300,-24950,164180,173277,173277,102893,127843,418278,431605,-13327,149804,165743,165743,102731,116058,487515,490571,-3056,172043,199964,199964,115508,118564,466894,476535,-9641,166289,192553,192553,108052,117693,448898,463131,-14233,157499,187649,187649,103750,117983,477595,480947,-3352,159243,208215,208215,110137,113489,496811,503678,-6867,167293,212887,212887,116631,123498,462722,474560,-11838,152051,203558,203558,107113,118951,485263,499790,-14527,161113,215144,215144,109006,123533,507085,528825,-21740,169055,228115,228115,109915,131655,534013,537292,-3279,175154,246624,246624,112235,115514,545677,538742,6935,425696,-,-,119981,113046,524585,524762,-177,401316,-,-,123269,123446,558826,558150,676,432375,-,-,126451,125775,525249,522785,2464,389023,-,-,136226,133762,526547,528024,-1477,387458,-,-,139089,140566,539730,517090,22640,387612,-,-,152118,129478,579187,558115,21072,417433,-,-,161754,140682,590786,570103,20683,429854,-,-,160932,140249,533854,513581,20273,383388,-,-,150466,130193,539361,518560,20801,384972,-,-,154389,133588,552902,525143,27759,390862,-,-,162040,134281,607848,582412,25436,438255,-,-,169593,144157,553068,521117,31951,393803,-,-,159265,127314,514009,481534,32475,348566,-,-,165443,132968,-,-,-,-,-,-,-,-,-,-,-,-,-,-,-,-,-,-,-,-,-,-,-,-,-,-,-,-,-,-,-,-,-,-,-,-,-,-,-,-,-,-,-,-,-,-,-,-,-,-,-,-,-,-,-,-,-,-,-,-,-,-,-,-,-,-,-,-,-,-,-,-,-,-,-,-,-,-,-,-,-,-,-,-,-,-,-
"인천광역시",395525,363261,32264,122469,110822,110822,162234,129970,397818,372175,25643,128185,114003,114003,155630,129987,424127,390620,33507,137734,125952,125952,160441,126934,395140,367039,28101,123107,116812,116812,155221,127120,433137,421714,11423,150553,126760,126760,155824,144401,444556,460304,-15748,163316,134310,134310,146930,162678,420014,422351,-2337,150091,125990,125990,143933,146270,433639,433706,-67,155992,131244,131244,146403,146470,409465,411135,-1670,147772,118622,118622,143071,144741,441646,435869,5777,161701,129082,129082,150863,145086,473223,463685,9538,174846,139776,139776,158601,149063,452297,442973,9324,162728,132647,132647,156922,147598,461613,439578,22035,159934,137512,137512,164167,142132,468666,440872,27794,156184,141795,141795,170687,142893,499567,470758,28809,169726,155715,155715,174126,145317,462051,458439,3612,160948,143018,143018,158085,154473,478169,476071,2098,165110,153788,153788,159271,157173,565585,556166,9419,204203,185742,185742,175640,166221,576619,553898,22721,200074,186932,186932,189613,166892,523457,513839,9618,180422,167506,167506,175529,165911,502168,491203,10965,166861,167263,167263,168044,157079,462835,464170,-1335,151450,155322,155322,156063,157398,510347,526518,-16171,175195,173586,173586,161566,177737,540812,540582,230,181828,177990,177990,180994,180764,526842,525725,1117,177510,179453,179453,169879,168762,531318,518153,13165,170161,187941,187941,173216,160051,494576,492766,1810,150649,170297,170297,173630,171820,447707,426896,20811,125142,159205,159205,163360,142549,512513,485473,27040,150857,183715,183715,177941,150901,482811,470473,12338,142236,175042,175042,165533,153195,481438,462882,18556,138786,173301,173301,169351,150795,506471,469610,36861,327840,-,-,178631,141770,505825,466162,39663,317595,-,-,188230,148567,509700,450319,59381,310754,-,-,198946,139565,503687,423289,80398,289666,-,-,214021,133623,567863,451178,116685,318771,-,-,249092,132407,472576,406162,66414,270158,-,-,202418,136004,476438,429474,46964,281064,-,-,195374,148410,434814,389630,45184,251771,-,-,183043,137859,382620,351641,30979,216240,-,-,166380,135401,409361,367248,42113,232745,-,-,176616,134503,425509,379871,45638,243975,-,-,181534,135896,398906,370917,27989,231796,-,-,167110,139121,333362,323344,10018,200084,-,-,133278,123260,332958,296851,36107,183157,-,-,149801,113694,-,-,-,-,-,-,-,-,-,-,-,-,-,-,-,-,-,-,-,-,-,-,-,-,-,-,-,-,-,-,-,-,-,-,-,-,-,-,-,-,-,-,-,-,-,-,-,-,-,-,-,-,-,-,-,-,-,-,-,-,-,-,-,-,-,-,-,-,-,-,-,-,-,-,-,-,-,-,-,-,-,-,-,-,-,-,-
"광주광역시",162873,176551,-13678,52858,56288,56288,53727,67405,172439,180401,-7962,56844,60816,60816,54779,62741,162916,171933,-9017,53131,56299,56299,53486,62503,182924,190566,-7642,62460,65006,65006,55458,63100,212888,218771,-5883,74956,73211,73211,64721,70604,226163,232246,-6083,81431,77086,77086,67646,73729,217130,221005,-3875,75101,74251,74251,67778,71653,218892,225108,-6216,80537,69166,69166,69189,75405,208138,216256,-8118,75293,66881,66881,65964,74082,213176,221074,-7898,77462,68120,68120,67594,75492,224603,233875,-9272,79293,71484,71484,73826,83098,243066,246043,-2977,86184,78137,78137,78745,81722,226696,229288,-2592,82576,72689,72689,71431,74023,228612,230437,-1825,79574,72996,72996,76042,77867,260561,259282,1279,92897,86974,86974,80690,79411,268574,265043,3531,90732,92764,92764,85078,81547,293879,290771,3108,98437,107710,107710,87732,84624,268757,268310,447,88276,94197,94197,86284,85837,286105,290248,-4143,91729,103807,103807,90569,94712,301479,304209,-2730,104288,103244,103244,93947,96677,290429,297762,-7333,99108,103774,103774,87547,94880,284734,287882,-3148,96127,95723,95723,92884,96032,304505,314192,-9687,102392,104068,104068,98045,107732,294120,289765,4355,93229,100875,100875,100016,95661,300467,300588,-121,96206,104647,104647,99614,99735,301498,301512,-14,92582,106342,106342,102574,102588,324045,321192,2853,101938,115035,115035,107072,104219,295529,293016,2513,95739,107087,107087,92703,90190,328978,321553,7425,110739,125075,125075,93164,85739,298679,298589,90,94429,116774,116774,87476,87386,307188,311209,-4021,102628,114606,114606,89954,93975,312343,302179,10164,225147,-,-,87196,77032,300357,291976,8381,209136,-,-,91221,82840,346330,324793,21537,244033,-,-,102297,80760,356080,320043,36037,237637,-,-,118443,82406,330810,302333,28477,209699,-,-,121111,92634,308307,279132,29175,188390,-,-,119917,90742,336312,313422,22890,213502,-,-,122810,99920,257011,249630,7381,158411,-,-,98600,91219,254634,238786,15848,154955,-,-,99679,83831,-,-,-,-,-,-,-,-,-,-,-,-,-,-,-,-,-,-,-,-,-,-,-,-,-,-,-,-,-,-,-,-,-,-,-,-,-,-,0,0,-,-,-,-,-,-,0,0,-,-,-,-,-,-,-,-,-,-,-,-,-,-,-,-,-,-,-,-,-,-,-,-,-,-,-,-,-,-,-,-,-,-,-,-,-,-,-,-,-,-,-,-,-,-,-,-,-,-,-,-,-,-,-,-,-,-,-,-,-,-,-,-,-,-,-,-,-,-,-,-,-,-,-,-,-,-,-
"대전광역시",207372,204548,2824,58381,68979,68979,80012,77188,195980,197673,-1693,54349,65686,65686,75945,77638,186084,188558,-2474,52553,60157,60157,73374,75848,198705,201701,-2996,56435,66849,66849,75421,78417,211565,220496,-8931,61757,69778,69778,80030,88961,232321,243418,-11097,73445,77135,77135,81741,92838,212424,228766,-16342,65817,68178,68178,78429,94771,212879,227632,-14753,65470,67848,67848,79561,94314,211449,227624,-16175,64181,67475,67475,79793,95968,219252,229883,-10631,67638,71238,71238,80376,91007,220774,241390,-20616,68094,71515,71515,81165,101781,239559,248397,-8838,73415,83546,83546,82598,91436,230858,230547,311,72406,76387,76387,82065,81754,239635,239136,499,71391,80990,80990,87254,86755,264244,260900,3344,85377,90083,90083,88784,85440,262432,263477,-1045,84052,91910,91910,86470,87515,252424,258182,-5758,79604,87232,87232,85588,91346,263532,269142,-5610,81780,92968,92968,88784,94394,283080,284128,-1048,86431,100609,100609,96040,97088,294814,292499,2315,88470,108271,108271,98073,95758,287835,284625,3210,86448,103121,103121,98266,95056,280028,277412,2616,83311,96877,96877,99840,97224,304736,298910,5826,93615,106086,106086,105035,99209,302944,294389,8555,91658,109920,109920,101366,92811,304985,298145,6840,91736,114393,114393,98856,92016,312560,303984,8576,92251,119596,119596,100713,92137,322783,313174,9609,97564,121030,121030,104189,94580,267578,255485,12093,73167,95842,95842,98569,86476,295198,285604,9594,85735,110044,110044,99419,89825,287663,272745,14918,79760,108177,108177,99726,84808,314804,297054,17750,88497,127875,127875,98432,80682,315639,285155,30484,218557,-,-,97082,66598,335871,297841,38030,232456,-,-,103415,65385,295662,271532,24130,203082,-,-,92580,68450,310452,273837,36615,205625,-,-,104827,68212,296756,263293,33463,194537,-,-,102219,68756,256234,230055,26179,162657,-,-,93577,67398,-,-,-,-,-,-,-,-,-,-,-,-,-,-,-,-,-,-,-,-,-,-,-,-,-,-,-,-,-,-,-,-,-,-,-,-,-,-,-,-,-,-,-,-,-,-,-,-,-,-,-,-,-,-,-,-,-,-,-,-,-,-,0,0,-,-,-,-,-,-,0,0,-,-,-,-,-,-,-,-,-,-,-,-,-,-,-,-,-,-,-,-,-,-,-,-,-,-,-,-,-,-,-,-,-,-,-,-,-,-,-,-,-,-,-,-,-,-,-,-,-,-,-,-,-,-,-,-,-,-,-,-,-,-,-,-,-,-,-,-,-,-,-,-,-,-,-,-,-,-,-
"울산광역시",114205,119679,-5474,35920,37226,37226,41059,46533,113332,118186,-4854,36014,37808,37808,39510,44364,116641,122856,-6215,39440,39716,39716,37485,43700,107747,117283,-9536,35345,35818,35818,36584,46120,129880,143554,-13674,45646,44822,44822,39412,53086,136112,149696,-13584,48931,46706,46706,40475,54059,142056,152228,-10172,50135,51848,51848,40073,50245,127922,140576,-12654,44554,44138,44138,39230,51884,135199,147116,-11917,47645,47144,47144,40410,52327,148190,155812,-7622,55962,47380,47380,44848,52470,170393,170473,-80,57758,58373,58373,54262,54342,176015,173229,2786,61578,60555,60555,53882,51096,159492,157185,2307,58520,48733,48733,52239,49932,161433,157427,4006,59048,50108,50108,52277,48271,164963,163091,1872,60856,53713,53713,50394,48522,161146,164671,-3525,56814,56543,56543,47789,51314,159953,164984,-5031,55134,57204,57204,47615,52646,181662,177756,3906,63210,64359,64359,54093,50187,180375,181367,-992,64964,62992,62992,52419,53411,174389,176800,-2411,64972,57971,57971,51446,53857,169681,170073,-392,61880,56286,56286,51515,51907,184499,182735,1764,67848,63648,63648,53003,51239,191255,189383,1872,68363,67184,67184,55708,53836,176413,173788,2625,63537,60264,60264,52612,49987,170587,164599,5988,58058,59253,59253,53276,47288,166690,163474,3216,58355,57504,57504,50831,47615,179485,181385,-1900,63174,64702,64702,51609,53509,164160,169728,-5568,57106,59398,59398,47656,53224,185987,182149,3838,67373,61768,61768,56846,53008,-,-,-,-,-,-,-,-,-,-,-,-,-,-,-,-,-,-,-,-,-,-,-,-,-,-,-,-,-,-,-,-,-,-,-,-,-,-,-,-,-,-,-,-,-,-,-,-,-,-,-,-,-,-,-,-,-,-,-,-,-,-,-,-,-,-,-,-,-,-,-,-,-,-,-,-,-,-,-,-,-,-,-,-,-,-,-,-,-,-,-,-,-,-,-,-,-,-,-,-,-,-,-,-,-,-,-,-,-,-,-,-,-,-,-,-,-,-,-,-,-,-,-,-,-,-,-,-,-,-,-,-,-,-,-,-,-,-,-,-,-,-,-,-,-,-,-,-,-,-,-,-,-,-,-,-,-,-,-,-,-,-,-,-,-,-,-,-,-,-,-,-,-,-,-,-,-,-,-,-,-,-,-,-,-,-,-,-,-,-,-,-,-,-,-,-,-,-,-,-,-,-,-,-,-,-,-,-,-,-,-,-,-,-,-
"세종특별자치시",54355,54402,-47,21007,0,0,33348,33395,61022,58214,2808,25076,0,0,35946,33138,56050,54360,1690,21803,0,0,34247,32557,65529,55401,10128,25292,0,0,40237,30109,76912,62827,14085,30037,0,0,46875,32790,78934,65909,13025,30045,0,0,48889,35864,82398,58674,23724,28381,0,0,54017,30293,86433,55000,31433,28450,0,0,57983,26550,82073,47383,34690,23245,0,0,58828,24138,65052,35236,29816,14546,0,0,50506,20690,83994,30950,53044,13990,0,0,70004,16960,56526,23070,33456,10455,0,0,46071,12615,23805,15109,8696,4105,0,0,19700,11004,32784,15291,17493,4704,0,0,28080,10587,-,-,-,-,-,-,-,-,-,-,-,-,-,-,-,-,-,-,-,-,-,-,-,-,-,-,-,-,-,-,-,-,-,-,-,-,-,-,-,-,-,-,-,-,-,-,-,-,-,-,-,-,-,-,-,-,-,-,-,-,-,-,-,-,-,-,-,-,-,-,-,-,-,-,-,-,-,-,-,-,-,-,-,-,-,-,-,-,-,-,-,-,-,-,-,-,-,-,-,-,-,-,-,-,-,-,-,-,-,-,-,-,-,-,-,-,-,-,-,-,-,-,-,-,-,-,-,-,-,-,-,-,-,-,-,-,-,-,-,-,-,-,-,-,-,-,-,-,-,-,-,-,-,-,-,-,-,-,-,-,-,-,-,-,-,-,-,-,-,-,-,-,-,-,-,-,-,-,-,-,-,-,-,-,-,-,-,-,-,-,-,-,-,-,-,-,-,-,-,-,-,-,-,-,-,-,-,-,-,-,-,-,-,-,-,-,-,-,-,-,-,-,-,-,-,-,-,-,-,-,-,-,-,-,-,-,-,-,-,-,-,-,-,-,-,-,-,-,-,-,-,-,-,-,-,-,-,-,-,-,-,-,-,-,-,-,-,-,-,-,-,-,-,-,-,-,-,-,-,-,-,-,-,-,-,-,-,-,-,-,-,-,-,-,-,-,-,-,-,-,-,-,-,-,-,-,-,-,-,-,-,-,-,-,-,-,-,-,-,-,-,-,-,-,-,-,-,-,-,-,-,-,-,-,-
"경기도",1628873,1595903,32970,595484,491577,491577,541812,508842,1726287,1662069,64218,660752,507926,507926,557609,493391,1681183,1636571,44612,642812,496261,496261,542110,497498,1645990,1602108,43882,627887,476258,476258,541845,497963,2036215,1885698,150517,779725,586091,586091,670399,519882,2152572,1984199,168373,842504,605557,605557,704511,536138,1940962,1806296,134666,744143,557565,557565,639254,504588,2041715,1871621,170094,788471,578031,578031,675213,505119,1888324,1772162,116162,740434,518753,518753,629137,512975,1958593,1824976,133617,785160,515941,515941,657492,523875,1993080,1898312,94768,816014,530250,530250,646816,552048,1891775,1834379,57396,769180,505892,505892,616703,559307,1895434,1821303,74131,767618,506877,506877,620939,546808,1944962,1862209,82753,766080,528485,528485,650397,567644,2062422,1986623,75799,832888,554918,554918,674616,598817,2168820,2026383,142437,834147,601122,601122,733551,591114,2175681,2081528,94153,861125,594740,594740,719816,625663,2195585,2094988,100597,860674,594277,594277,740634,640037,2306957,2193857,113100,899800,626104,626104,781053,667953,2459641,2321008,138633,993502,655523,655523,810616,671983,2197321,2028470,168851,839637,587523,587523,770161,601310,2079220,1890345,188875,762655,560782,560782,755783,566908,2304535,2082492,222043,872233,599319,599319,832983,610940,2449422,2133640,315782,919703,634668,634668,895051,579269,2256103,2007156,248947,832420,589534,589534,834149,585202,2042327,1858301,184026,760797,523359,523359,758171,574145,2079470,1905336,174134,764697,522349,522349,792424,618290,1707411,1584923,122488,604610,438644,438644,664157,541669,1950705,1736957,213748,683746,492703,492703,774256,560508,1905357,1652688,252669,673810,437677,437677,793870,541201,1952466,1579952,372514,666711,416103,416103,869652,497138,1807997,1485920,322077,1009580,-,-,798417,476340,1711603,1417105,294498,932048,-,-,779555,485057,1564272,1349401,214871,866274,-,-,697998,483127,1472190,1295128,177062,809179,-,-,663011,485949,1609933,1359422,250511,842522,-,-,767411,516900,1447161,1295977,151184,742243,-,-,704918,553734,1450813,1371971,78842,742871,-,-,707942,629100,1388645,1197193,191452,681779,-,-,706866,515414,1297795,1041498,256297,622598,-,-,675197,418900,1211995,977801,234194,573998,-,-,637997,403803,1146201,940978,205223,541457,-,-,604744,399521,1253162,995853,257309,593086,-,-,660076,402767,971778,793942,177836,447364,-,-,524414,346578,806192,703279,102913,363760,-,-,442432,339519,1085764,948316,137448,566970,-,-,518794,381346,984187,786271,197916,496327,-,-,487860,289944,985879,817561,168318,529175,-,-,456704,288386,880019,753564,126455,492040,-,-,387979,261524,770036,645942,124094,395632,-,-,374404,250310,1006818,825258,181560,493101,-,-,513717,332157,579194,484597,94597,309489,-,-,269705,175108,542224,454426,87798,284129,-,-,258095,170297,418045,382945,35100,235877,-,-,182168,147068,533375,412098,121277,263045,-,-,270330,149053,452060,353535,98525,-,-,-,-
"강원특별자치도",182825,184212,-1387,83411,30259,30259,69155,70542,184339,186866,-2527,85326,30196,30196,68817,71344,173366,174763,-1397,75386,29223,29223,68757,70154,194864,187370,7494,87946,31044,31044,75874,68380,217103,210422,6681,98709,34936,34936,83458,76777,223354,217897,5457,105809,35254,35254,82291,76834,217626,215965,1661,104679,35002,35002,77945,76284,216398,220252,-3854,103018,37068,37068,76312,80166,211653,209618,2035,92243,38720,38720,80690,78655,223484,221592,1892,101820,39101,39101,82563,80671,227125,222352,4773,101138,38880,38880,87107,82334,228369,226284,2085,106944,38306,38306,83119,81034,217917,214931,2986,98433,37608,37608,81876,78890,225896,225184,712,101616,39033,39033,85247,84535,236077,231424,4653,106092,41050,41050,88935,84282,241738,241183,555,110407,42758,42758,88573,88018,249191,247373,1818,113501,45325,45325,90365,88547,252193,250883,1310,117605,44249,44249,90339,89029,245182,251328,-6146,112795,45271,45271,87116,93262,254508,264068,-9560,123916,46318,46318,84274,93834,245689,257162,-11473,118571,46506,46506,80612,92085,252902,261244,-8342,118502,48744,48744,85656,93998,269296,282359,-13063,129184,52533,52533,87579,100642,266880,284061,-17181,129776,52453,52453,84651,101832,256767,264880,-8113,120283,49208,49208,87276,95389,255403,266537,-11134,122083,48967,48967,84353,95487,277214,281012,-3798,130319,53461,53461,93434,97232,262688,253798,8890,123143,48033,48033,91512,82622,254242,255164,-922,122229,46006,46006,86007,86929,240874,248744,-7870,112694,45821,45821,82359,90229,263349,272699,-9350,135677,48525,48525,79147,88497,234353,252824,-18471,163492,-,-,70861,89332,234899,259485,-24586,159416,-,-,75483,100069,240866,265711,-24845,161850,-,-,79016,103861,252140,290170,-38030,173466,-,-,78674,116704,249409,297046,-47637,167644,-,-,81765,129402,252860,310793,-57933,173953,-,-,78907,136840,254715,307197,-52482,172443,-,-,82272,134754,267082,312214,-45132,175327,-,-,91755,136887,266248,299747,-33499,174443,-,-,91805,125304,271814,300318,-28504,174284,-,-,97530,126034,283921,326123,-42202,185322,-,-,98599,140801,306128,350811,-44683,205866,-,-,100262,144945,276861,306669,-29808,179155,-,-,97706,127514,280036,302412,-22376,175961,-,-,104075,126451,293328,317838,-24510,186495,-,-,106833,131343,233897,284177,-50280,151052,-,-,82845,133125,264577,315354,-50777,170661,-,-,93916,144693,246070,291783,-45713,162520,-,-,83550,129263,239946,281828,-41882,154239,-,-,85707,127589,326365,386575,-60210,212434,-,-,113931,174141,184385,233685,-49300,130356,-,-,54029,103329,241663,277465,-35802,180716,-,-,60947,96749,161637,192371,-30734,112559,-,-,49078,79812,183964,218958,-34994,128222,-,-,55742,90736,160959,197181,-36222,-,-,-,-
"충청북도",199201,188412,10789,92057,25389,25389,81755,70966,189758,186513,3245,92337,22465,22465,74956,71711,186341,182468,3873,92185,20994,20994,73162,69289,185419,180218,5201,86905,22333,22333,76181,70980,214300,210838,3462,105180,26250,26250,82870,79408,229895,226441,3454,118937,28216,28216,82742,79288,211396,208831,2565,107970,25414,25414,78012,75447,218886,213737,5149,112186,26684,26684,80016,74867,197177,194915,2262,95481,24344,24344,77352,75090,202679,197668,5011,100466,23690,23690,78523,73512,214626,213188,1438,106553,26711,26711,81362,79924,215944,213577,2367,105337,31277,31277,79330,76963,215973,212860,3113,101578,38381,38381,76014,72901,212263,207622,4641,94467,38994,38994,78802,74161,228594,220515,8079,103337,42342,42342,82915,74836,235671,229707,5964,108942,44125,44125,82604,76640,232872,230351,2521,104684,46532,46532,81656,79135,244672,237759,6913,109632,50203,50203,84837,77924,253433,247741,5692,116774,50081,50081,86578,80886,245977,244227,1750,104103,56679,56679,85195,83445,235907,240615,-4708,113771,43610,43610,78526,83234,231167,236984,-5817,105914,44777,44777,80476,86293,246415,252496,-6081,118256,48787,48787,79372,85453,243571,251773,-8202,119758,45839,45839,77974,86176,230828,239356,-8528,108168,46294,46294,76366,84894,235155,239559,-4404,108964,48020,48020,78171,82575,255180,256626,-1446,121579,49651,49651,83950,85396,232414,226872,5542,105239,46706,46706,80469,74927,252139,247215,4924,123093,47589,47589,81457,76533,234598,228974,5624,110562,42983,42983,81053,75429,249033,245262,3771,126370,44666,44666,77997,74226,227781,231350,-3569,156287,-,-,71494,75063,242162,240478,1684,160096,-,-,82066,80382,244908,244880,28,159621,-,-,85287,85259,258597,269728,-11131,172749,-,-,85848,96979,263415,280994,-17579,178769,-,-,84646,102225,224484,253510,-29026,147953,-,-,76531,105557,225487,259387,-33900,147273,-,-,78214,112114,223845,258557,-34712,142281,-,-,81564,116276,222294,250875,-28581,143861,-,-,78433,107014,226908,260438,-33530,146670,-,-,80238,113768,222296,267994,-45698,144108,-,-,78188,123886,230425,275424,-44999,146556,-,-,83869,128868,207913,248209,-40296,132321,-,-,75592,115888,199751,237424,-37673,121778,-,-,77973,115646,227621,266206,-38585,141794,-,-,85827,124412,167420,223664,-56244,99194,-,-,68226,124470,182753,267370,-84617,112514,-,-,70239,154856,163716,220085,-56369,101842,-,-,61874,118243,164008,213011,-49003,97992,-,-,66016,115019,246251,324499,-78248,156257,-,-,89994,168242,125958,166708,-40750,81662,-,-,44296,85046,122988,156909,-33921,79667,-,-,43321,77242,99573,124530,-24957,60135,-,-,39438,64395,111901,156593,-44692,71722,-,-,40179,84871,100041,147916,-47875,-,-,-,-
"충청남도",251857,243591,8266,93123,43472,43472,115262,106996,266831,252167,14664,102832,45714,45714,118285,103621,266056,250216,15840,103733,46143,46143,116180,100340,260488,246174,14314,99469,44323,44323,116696,102382,282195,273673,8522,110444,46065,46065,125686,117164,287127,286386,741,117462,45904,45904,123761,123020,258790,259584,-794,104346,39607,39607,114837,115631,292305,282221,10084,126255,43410,43410,122640,112556,288738,269337,19401,120050,41562,41562,127126,107725,286764,271446,15318,118023,44983,44983,123758,108440,289952,279680,10272,121329,42167,42167,126456,116184,289627,279817,9810,121802,43299,43299,124526,114716,281428,268053,13375,119387,40169,40169,121872,108497,287195,277346,9849,120578,41165,41165,125452,115603,321187,302546,18641,129403,50249,50249,141535,122894,317853,301675,16178,129712,47660,47660,140481,124303,329626,317511,12115,134213,53545,53545,141868,129753,355294,339765,15529,144657,59645,59645,150992,135463,355213,341850,13363,145645,54981,54981,154587,141224,336866,329811,7055,141168,50406,50406,145292,138237,325444,320445,4999,124554,53973,53973,146917,141918,364482,329499,34983,126074,64138,64138,174270,139287,312739,310057,2682,121644,51424,51424,139671,136989,274820,288445,-13625,110326,44765,44765,119729,133354,266541,278169,-11628,107937,40822,40822,117782,129410,265599,273341,-7742,105655,40738,40738,119206,126948,280280,283195,-2915,110572,40510,40510,129198,132113,262993,253628,9365,100168,37902,37902,124923,115558,283331,269231,14100,105856,39005,39005,138470,124370,258224,246037,12187,93796,35171,35171,129257,117070,253838,251923,1915,102131,34069,34069,117638,115723,214126,234753,-20627,118477,-,-,95649,116276,221321,245580,-24259,116942,-,-,104379,128638,205298,233588,-28290,101047,-,-,104251,132541,221453,266897,-45444,113540,-,-,107913,153357,225074,278820,-53746,114506,-,-,110568,164314,218897,279524,-60627,111410,-,-,107487,168114,479092,520291,-41199,323524,-,-,155568,196767,453191,495793,-42602,298486,-,-,154705,197307,429259,462446,-33187,282552,-,-,146707,179894,434868,470881,-36013,285338,-,-,149530,185543,461768,516636,-54868,314353,-,-,147415,202283,466795,524543,-57748,312563,-,-,154232,211980,397886,447043,-49157,260221,-,-,137665,186822,384250,435356,-51106,243678,-,-,140572,191678,405973,444695,-38722,254221,-,-,151752,190474,327162,372344,-45182,199068,-,-,128094,173276,384579,422062,-37483,231872,-,-,152707,190190,341491,384884,-43393,218193,-,-,123298,166691,292314,344295,-51981,175247,-,-,117067,169048,482034,562558,-80524,315561,-,-,166473,246997,217167,268495,-51328,144920,-,-,72247,123575,239750,277908,-38158,165914,-,-,73836,111994,190175,212546,-22371,125416,-,-,64759,87130,205632,255973,-50341,138377,-,-,67255,117596,192979,240241,-47262,-,-,-,-
"전북특별자치도",195095,198670,-3575,93274,45301,45301,56520,60095,198792,204852,-6060,101048,43258,43258,54486,60546,188788,193245,-4457,90549,44274,44274,53965,58422,199432,204547,-5115,99552,44369,44369,55511,60626,223710,229511,-5801,114540,47692,47692,61478,67279,249083,257577,-8494,132951,53507,53507,62625,71119,228775,241523,-12748,117247,53110,53110,58418,71166,243324,257097,-13773,126328,57018,57018,59978,73751,232047,239253,-7206,110582,56756,56756,64709,71915,248188,252607,-4419,123446,58211,58211,66531,70950,261832,264662,-2830,134872,58204,58204,68756,71586,274337,276900,-2563,141920,61805,61805,70612,73175,258198,260395,-2197,132650,57015,57015,68533,70730,271835,275126,-3291,136862,62392,62392,72581,75872,308011,306290,1721,157742,71094,71094,79175,77454,305789,308237,-2448,159076,69805,69805,76908,79356,314137,318943,-4806,163080,71705,71705,79352,84158,322495,333045,-10550,164569,77802,77802,80124,90674,332957,343831,-10874,160384,87266,87266,85307,96181,327237,346399,-19162,169260,78951,78951,79026,98188,311537,336014,-24477,158000,79072,79072,74465,98942,329911,380880,-50969,163209,89409,89409,77293,128262,397299,400338,-3039,182019,105390,105390,109890,112929,338554,395289,-56735,181954,84493,84493,72107,128842,370943,372854,-1911,171238,94327,94327,105378,107289,350628,372218,-21590,179686,88368,88368,82574,104164,366647,377096,-10449,186551,89485,89485,90611,101060,345687,347956,-2269,182332,79558,79558,83797,86066,325923,340520,-14597,176891,70846,70846,78186,92783,319791,334162,-14371,172012,68706,68706,79073,93444,361364,371479,-10115,205161,74373,74373,81830,91945,302520,325449,-22929,233188,-,-,69332,92261,315824,341814,-25990,239279,-,-,76545,102535,347781,378542,-30761,269177,-,-,78604,109365,335219,377517,-42298,255310,-,-,79909,122207,342446,395786,-53340,254933,-,-,87513,140853,324263,387521,-63258,243482,-,-,80781,144039,346268,405905,-59637,254064,-,-,92204,151841,336104,402012,-65908,245399,-,-,90705,156613,320907,380222,-59315,232559,-,-,88348,147663,332232,392339,-60107,244075,-,-,88157,148264,325918,400596,-74678,238920,-,-,86998,161676,359443,432712,-73269,261030,-,-,98413,171682,328446,387881,-59435,235230,-,-,93216,152651,341182,389105,-47923,233125,-,-,108057,155980,334630,405854,-71224,234042,-,-,100588,171812,257738,341312,-83574,179722,-,-,78016,161590,302745,397516,-94771,215351,-,-,87394,182165,271557,353025,-81468,197471,-,-,74086,155554,236947,323710,-86763,164485,-,-,72462,159225,368163,505510,-137347,271325,-,-,96838,234185,173873,245518,-71645,132220,-,-,41653,113298,185754,238830,-53076,137823,-,-,47931,101007,153347,190364,-37017,112660,-,-,40687,77704,165843,240338,-74495,126915,-,-,38928,113423,136856,228126,-91270,-,-,-,-
"전라남도",185748,184414,1334,68411,43485,43485,73852,72518,183834,187822,-3988,71698,41902,41902,70234,74222,183557,185357,-1800,72898,38984,38984,71675,73475,191956,192301,-345,76588,39728,39728,75640,75985,223619,228106,-4487,89248,49323,49323,85048,89535,239016,248770,-9754,92950,58263,58263,87803,97557,224483,233271,-8788,84162,52252,52252,88069,96857,224384,232414,-8030,83406,51567,51567,89411,97441,227504,230551,-3047,85559,51613,51613,90332,93379,234132,237337,-3205,89149,51809,51809,93174,96379,250104,246168,3936,95042,52661,52661,102401,98465,260278,260874,-596,107286,54205,54205,98787,99383,244329,246635,-2306,97685,53781,53781,92863,95169,239026,244080,-5054,92639,50784,50784,95603,100657,261239,266461,-5222,102728,56825,56825,101686,106908,265600,275661,-10061,108242,55101,55101,102257,112318,281051,288476,-7425,111863,61056,61056,108132,115557,277906,291224,-13318,114883,57761,57761,105262,118580,287179,303752,-16573,115319,58492,58492,113368,129941,284276,308961,-24685,115937,56985,56985,111354,136039,284412,304419,-20007,118730,55744,55744,109938,129945,276573,308825,-32252,112518,56461,56461,107594,139846,326582,362685,-36103,125492,75348,75348,125742,161845,316647,362799,-46152,142161,64068,64068,110418,156570,320992,357416,-36424,127948,65809,65809,127235,163659,325511,359049,-33538,129317,65249,65249,130945,164483,355423,379576,-24153,134664,70725,70725,150034,174187,331140,329903,1237,133960,61188,61188,135992,134755,293862,315452,-21590,108571,66520,66520,118771,140361,302707,322229,-19522,114086,67145,67145,121476,140998,331240,350404,-19164,131419,72255,72255,127566,146730,263849,310291,-46442,162254,-,-,101595,148037,295599,354854,-59255,183090,-,-,112509,171764,313436,389969,-76533,196353,-,-,117083,193616,320000,420570,-100570,195947,-,-,124053,224623,342318,442388,-100070,202552,-,-,139766,239836,322329,426507,-104178,186546,-,-,135783,239961,353613,462452,-108839,203166,-,-,150447,259286,373887,477865,-103978,211010,-,-,162877,266855,341022,417929,-76907,184300,-,-,156722,233629,577823,639179,-61356,434421,-,-,143402,204758,578625,658416,-79791,435770,-,-,142855,222646,653216,739084,-85868,495203,-,-,158013,243881,556325,623279,-66954,417911,-,-,138414,205368,555593,620131,-64538,409146,-,-,146447,210985,603459,686232,-82773,455908,-,-,147551,230324,467410,553662,-86252,350491,-,-,116919,203171,530257,620706,-90449,397298,-,-,132959,223408,460561,537331,-76770,349360,-,-,111201,187971,426056,497144,-71088,308898,-,-,117158,188246,572277,705568,-133291,445600,-,-,126677,259968,313318,397292,-83974,261202,-,-,52116,136090,301023,360474,-59451,245116,-,-,55907,115358,218180,259182,-41002,172986,-,-,45194,86196,243793,329442,-85649,200362,-,-,43431,129080,177536,263908,-86372,-,-,-,-
"경상북도",259920,269134,-9214,105254,46751,46751,107915,117129,278273,286276,-8003,120951,47667,47667,109655,117658,254287,262492,-8205,101492,45727,45727,107068,115273,263156,270822,-7666,104875,48269,48269,110012,117678,317866,314529,3337,131535,55875,55875,130456,127119,317701,334679,-16978,138869,57609,57609,121223,138201,306511,311082,-4571,131914,53785,53785,120812,125383,309446,318671,-9225,138178,53977,53977,117291,126516,311061,316642,-5581,140628,52607,52607,117826,123407,315652,318803,-3151,138749,54605,54605,122298,125449,344730,345307,-577,148598,60511,60511,135621,136198,337041,338029,-988,145694,55565,55565,135782,136770,329118,330983,-1865,146235,54971,54971,127912,129777,335362,340222,-4860,148144,56104,56104,131114,135974,363511,358695,4816,163443,60091,60091,139977,135161,354575,358127,-3552,158808,58834,58834,136933,140485,367244,375551,-8307,165775,62241,62241,139228,147535,363297,377397,-14100,165140,64193,64193,133964,148064,380925,395536,-14611,171623,67182,67182,142120,156731,391486,394805,-3319,169701,68864,68864,152921,156240,374711,386228,-11517,164429,63390,63390,146892,158409,360764,387685,-26921,168353,62499,62499,129912,156833,371006,407839,-36833,169350,68844,68844,132812,169645,384589,415867,-31278,182668,68875,68875,133046,164324,380826,402131,-21305,179985,66012,66012,134829,156134,380638,406344,-25706,176848,70696,70696,133094,158800,424035,437240,-13205,202379,70253,70253,151403,164608,388186,387613,573,178700,62323,62323,147163,146590,395678,401893,-6215,185456,63455,63455,146767,152982,416050,410502,5548,196919,62746,62746,156385,150837,419925,424533,-4608,210968,63770,63770,145187,149795,392828,411211,-18383,249181,-,-,143647,162030,421328,436837,-15509,264207,-,-,157121,172630,412622,442454,-29832,254638,-,-,157984,187816,449029,496337,-47308,284168,-,-,164861,212169,437000,486953,-49953,267813,-,-,169187,219140,402478,475285,-72807,241341,-,-,161137,233944,440750,512956,-72206,259298,-,-,181452,253658,456629,521249,-64620,267105,-,-,189524,254144,424060,489606,-65546,250749,-,-,173311,238857,397346,476059,-78713,227858,-,-,169488,248201,400881,503995,-103114,233424,-,-,167457,270571,438685,540076,-101391,256873,-,-,181812,283203,403659,497800,-94141,235143,-,-,168516,262657,441825,519607,-77782,246552,-,-,195273,273055,1004311,1046803,-42492,804100,-,-,200211,242703,907292,956670,-49378,727036,-,-,180256,229634,947641,1010019,-62378,747774,-,-,199867,262245,855263,916540,-61277,683083,-,-,172180,233457,739579,798110,-58531,565093,-,-,174486,233017,1241147,1324401,-83254,1003878,-,-,237269,320523,585406,612614,-27208,442652,-,-,142754,169962,605014,630214,-25200,484785,-,-,120229,145429,519508,533098,-13590,427599,-,-,91909,105499,470732,528111,-57379,384273,-,-,86459,143838,407643,470142,-62499,-,-,-,-
"경상남도",326535,334112,-7577,150999,64087,64087,111449,119026,329398,338467,-9069,157658,61828,61828,109912,118981,300309,316609,-16300,135405,60994,60994,103910,120210,323211,341758,-18547,151073,65196,65196,106942,125489,374782,388485,-13703,178975,72297,72297,123510,137213,403339,419997,-16658,204318,74992,74992,124029,140687,396251,405561,-9310,200493,74255,74255,121503,130813,389714,395524,-5810,193649,72348,72348,123717,129527,413179,409200,3979,200391,75484,75484,137304,133325,411952,410180,1772,199864,77340,77340,134748,132976,455384,450279,5105,227168,84540,84540,143676,138571,462239,456164,6075,236877,83048,83048,142314,136239,427658,423864,3794,212397,80634,80634,134627,130833,414556,417328,-2772,198123,82986,82986,133447,136219,473757,469223,4534,235551,91195,91195,147011,142477,481955,478709,3246,228609,106778,106778,146568,143322,485349,474110,11239,212702,119310,119310,153337,142098,487356,474327,13029,206547,124765,124765,156044,143015,491542,483599,7943,202396,130580,130580,158566,150623,496713,495419,1294,211879,134577,134577,150257,148963,493352,487733,5619,209952,129855,129855,153545,147926,474081,479692,-5611,203914,127520,127520,142647,148258,523882,519594,4288,222817,136905,136905,164160,159872,514140,507244,6896,226401,134188,134188,153551,146655,458485,463651,-5166,209225,114692,114692,134568,139734,463895,472407,-8512,212720,117092,117092,134083,142595,490751,500126,-9375,228518,120558,120558,141675,151050,488910,480343,8567,226436,121868,121868,140606,132039,459955,459423,532,209715,113071,113071,137169,136637,683550,663846,19704,356173,139750,139750,187627,167923,679704,666040,13664,360036,133595,133595,186073,172409,684247,664230,20017,500416,-,-,183831,163814,656486,645680,10806,462152,-,-,194334,183528,746907,722095,24812,537208,-,-,209699,184887,723250,701394,21856,508346,-,-,214904,193048,704656,686266,18390,486434,-,-,218222,199832,638537,649055,-10518,438999,-,-,199538,210056,675152,686708,-11556,456950,-,-,218202,229758,686554,706972,-20418,465658,-,-,220896,241314,608659,648804,-40145,410108,-,-,198551,238696,608176,638365,-30189,399629,-,-,208547,238736,651485,668961,-17476,421297,-,-,230188,247664,656220,676040,-19820,419869,-,-,236351,256171,598107,612405,-14298,376658,-,-,221449,235747,566967,592803,-25836,350250,-,-,216717,242553,572251,611934,-39683,358768,-,-,213483,253166,535159,566651,-31492,323935,-,-,211224,242716,564057,609162,-45105,336527,-,-,227530,272635,457139,509366,-52227,275293,-,-,181846,234073,386917,482042,-95125,231525,-,-,155392,250517,514805,631217,-116412,318345,-,-,196460,312872,358116,413442,-55326,228442,-,-,129674,185000,282238,341498,-59260,179266,-,-,102972,162232,196534,244230,-47696,128191,-,-,68343,116039,214358,298292,-83934,146090,-,-,68268,152202,212521,299797,-87276,-,-,-,-
"제주특별자치도",77588,81861,-4273,41235,8017,8017,28336,32609,81695,85056,-3361,44133,8517,8517,29045,32406,81508,83195,-1687,42241,8497,8497,30770,32457,86865,83717,3148,43458,8459,8459,34948,31800,94979,91062,3917,48616,9261,9261,37102,33185,98114,94736,3378,52035,9363,9363,36716,33338,94966,92030,2936,50739,9069,9069,35158,32222,104202,95349,8853,55390,9623,9623,39189,30336,105027,91022,14005,53590,9685,9685,41752,27747,106825,92193,14632,57293,9151,9151,40381,25749,97580,83323,14257,50522,8514,8514,38544,24287,92508,81396,11112,51091,8582,8582,32835,21723,88851,81028,7823,52950,7657,7657,28244,20421,79501,74625,4876,46142,8138,8138,25221,20345,82708,80365,2343,51183,8663,8663,22862,20519,77224,76787,437,47076,8431,8431,21717,21280,76575,77590,-1015,46894,8779,8779,20902,21917,80124,82360,-2236,50850,8714,8714,20560,22796,83294,86222,-2928,51710,9969,9969,21615,24543,88992,90894,-1902,46542,20290,20290,22160,24062,93041,93846,-805,42286,28596,28596,22159,22964,102978,103061,-83,40643,39309,39309,23026,23109,98415,99862,-1447,43683,32175,32175,22557,24004,95668,95434,234,46308,26330,26330,23030,22796,96251,96577,-326,49306,25263,25263,21682,22008,85242,87600,-2358,40912,23449,23449,20881,23239,90598,90417,181,42038,24367,24367,24193,24012,93844,91314,2530,46060,24680,24680,23104,20574,79365,79959,-594,38768,20154,20154,20443,21037,78175,79268,-1093,37590,21329,21329,19256,20349,83338,84164,-826,44400,20603,20603,18335,19161,75609,77754,-2145,59094,-,-,16515,18660,73507,75236,-1729,55002,-,-,18505,20234,77302,75597,1705,56853,-,-,20449,18744,74509,71733,2776,53135,-,-,21374,18598,74806,71678,3128,52315,-,-,22491,19363,68255,68486,-231,49079,-,-,19176,19407,70300,72030,-1730,51969,-,-,18331,20061,68494,71352,-2858,50066,-,-,18428,21286,64405,67970,-3565,47233,-,-,17172,20737,63619,67053,-3434,46390,-,-,17229,20663,68207,72409,-4202,48893,-,-,19314,23516,71649,73559,-1910,49116,-,-,22533,24443,58848,61979,-3131,41877,-,-,16971,20102,59222,60666,-1444,41163,-,-,18059,19503,59168,60516,-1348,41451,-,-,17717,19065,44965,49818,-4853,30064,-,-,14901,19754,45012,54648,-9636,30719,-,-,14293,23929,43287,51682,-8395,31028,-,-,12259,20654,36273,43315,-7042,23291,-,-,12982,20024,50939,60840,-9901,34221,-,-,16718,26619,29176,34753,-5577,19580,-,-,9596,15173,25845,28762,-2917,16158,-,-,9687,12604,19404,18753,651,12210,-,-,7194,6543,19064,22976,-3912,12427,-,-,6637,10549,14551,17705,-3154,-,-,-,-
